	#	Name	Type	Total	HP	Attack	Defense	Sp. Atk	Sp. Def	Speed	Generation	Legendary	First_pokemon	Second_pokemon	NBR_COMBATS	NB_VICTOIRES	POURCENTAGE_DE_VICTOIRE
0	1	Bulbasaur	Grass	318	45	49	49	65	65	45	1	False	37.0	37.0	133.0	37.0	0.2781954887218045
1	2	Ivysaur	Grass	405	60	62	63	80	80	60	1	False	46.0	46.0	121.0	46.0	0.38016528925619836
2	3	Venusaur	Grass	525	80	82	83	100	100	80	1	False	89.0	89.0	132.0	89.0	0.6742424242424242
3	3	VenusaurMega Venusaur	Grass	625	80	100	123	122	120	80	1	False	89.0	89.0	132.0	89.0	0.6742424242424242
4	4	Charmander	Fire	309	39	52	43	60	50	65	1	False	70.0	70.0	125.0	70.0	0.56
5	5	Charmeleon	Fire	405	58	64	58	80	65	80	1	False	55.0	55.0	112.0	55.0	0.49107142857142855
6	6	Charizard	Fire	534	78	84	78	109	85	100	1	False	64.0	64.0	118.0	64.0	0.5423728813559322
7	6	CharizardMega Charizard X	Fire	634	78	130	111	130	85	100	1	False	64.0	64.0	118.0	64.0	0.5423728813559322
8	6	CharizardMega Charizard Y	Fire	634	78	104	78	159	115	100	1	False	64.0	64.0	118.0	64.0	0.5423728813559322
9	7	Squirtle	Water	314	44	48	65	50	64	43	1	False	115.0	115.0	133.0	115.0	0.8646616541353384
10	8	Wartortle	Water	405	59	63	80	65	80	58	1	False	119.0	119.0	139.0	119.0	0.8561151079136691
11	9	Blastoise	Water	530	79	83	100	85	105	78	1	False	114.0	114.0	135.0	114.0	0.8444444444444444
12	9	BlastoiseMega Blastoise	Water	630	79	103	120	135	115	78	1	False	114.0	114.0	135.0	114.0	0.8444444444444444
13	10	Caterpie	Bug	195	45	30	35	20	20	45	1	False	19.0	19.0	117.0	19.0	0.1623931623931624
14	11	Metapod	Bug	205	50	20	55	25	25	30	1	False	59.0	59.0	141.0	59.0	0.41843971631205673
16	13	Weedle	Bug	195	40	35	30	20	20	50	1	False	83.0	83.0	144.0	83.0	0.5763888888888888
17	14	Kakuna	Bug	205	45	25	50	25	25	35	1	False	17.0	17.0	115.0	17.0	0.14782608695652175
18	15	Beedrill	Bug	395	65	90	40	45	80	75	1	False	13.0	13.0	133.0	13.0	0.09774436090225563
19	15	BeedrillMega Beedrill	Bug	495	65	150	40	15	80	145	1	False	13.0	13.0	133.0	13.0	0.09774436090225563
20	16	Pidgey	Normal	251	40	45	40	35	35	56	1	False	75.0	75.0	120.0	75.0	0.625
21	17	Pidgeotto	Normal	349	63	60	55	50	50	71	1	False	26.0	26.0	111.0	26.0	0.23423423423423423
22	18	Pidgeot	Normal	479	83	80	75	70	70	101	1	False	17.0	17.0	130.0	17.0	0.13076923076923078
23	18	PidgeotMega Pidgeot	Normal	579	83	80	80	135	80	121	1	False	17.0	17.0	130.0	17.0	0.13076923076923078
24	19	Rattata	Normal	253	30	56	35	25	35	72	1	False	80.0	80.0	128.0	80.0	0.625
25	20	Raticate	Normal	413	55	81	60	50	70	97	1	False	115.0	115.0	119.0	115.0	0.9663865546218487
26	21	Spearow	Normal	262	40	60	30	31	31	70	1	False	47.0	47.0	126.0	47.0	0.373015873015873
27	22	Fearow	Normal	442	65	90	65	61	61	100	1	False	64.0	64.0	121.0	64.0	0.5289256198347108
28	23	Ekans	Poison	288	35	60	44	40	54	55	1	False	112.0	112.0	130.0	112.0	0.8615384615384616
29	24	Arbok	Poison	438	60	85	69	65	79	80	1	False	119.0	119.0	126.0	119.0	0.9444444444444444
30	25	Pikachu	Electric	320	35	55	40	50	50	90	1	False	65.0	65.0	135.0	65.0	0.48148148148148145
31	26	Raichu	Electric	485	60	90	55	90	80	110	1	False	101.0	101.0	140.0	101.0	0.7214285714285714
32	27	Sandshrew	Ground	300	50	75	85	20	30	40	1	False	62.0	62.0	138.0	62.0	0.4492753623188406
33	28	Sandslash	Ground	450	75	100	110	45	55	65	1	False	103.0	103.0	123.0	103.0	0.8373983739837398
34	29	Nidoranâ	Poison	275	55	47	52	40	40	41	1	False	48.0	48.0	131.0	48.0	0.366412213740458
35	30	Nidorina	Poison	365	70	62	67	55	55	56	1	False	72.0	72.0	125.0	72.0	0.576
36	31	Nidoqueen	Poison	505	90	92	87	75	85	76	1	False	93.0	93.0	136.0	93.0	0.6838235294117647
37	32	Nidoranâ	Poison	273	46	57	40	40	40	50	1	False	105.0	105.0	121.0	105.0	0.8677685950413223
39	34	Nidoking	Poison	505	81	102	77	85	75	85	1	False	56.0	56.0	105.0	56.0	0.5333333333333333
40	35	Clefairy	Fairy	323	70	45	48	60	65	35	1	False	20.0	20.0	119.0	20.0	0.16806722689075632
41	36	Clefable	Fairy	483	95	70	73	95	90	60	1	False	57.0	57.0	148.0	57.0	0.38513513513513514
42	37	Vulpix	Fire	299	38	41	40	50	65	65	1	False	66.0	66.0	122.0	66.0	0.5409836065573771
43	38	Ninetales	Fire	505	73	76	75	81	100	100	1	False	34.0	34.0	136.0	34.0	0.25
44	39	Jigglypuff	Normal	270	115	45	20	45	25	20	1	False	51.0	51.0	128.0	51.0	0.3984375
45	40	Wigglytuff	Normal	435	140	70	45	85	50	45	1	False	79.0	79.0	140.0	79.0	0.5642857142857143
46	41	Zubat	Poison	245	40	45	35	30	40	55	1	False	20.0	20.0	127.0	20.0	0.15748031496062992
47	42	Golbat	Poison	455	75	80	70	65	75	90	1	False	49.0	49.0	123.0	49.0	0.3983739837398374
48	43	Oddish	Grass	320	45	50	55	75	65	30	1	False	53.0	53.0	129.0	53.0	0.4108527131782946
49	44	Gloom	Grass	395	60	65	70	85	75	40	1	False	103.0	103.0	127.0	103.0	0.8110236220472441
50	45	Vileplume	Grass	490	75	80	85	110	90	50	1	False	15.0	15.0	130.0	15.0	0.11538461538461539
52	47	Parasect	Bug	405	60	95	80	60	80	30	1	False	55.0	55.0	145.0	55.0	0.3793103448275862
53	48	Venonat	Bug	305	60	55	50	40	55	45	1	False	97.0	97.0	128.0	97.0	0.7578125
54	49	Venomoth	Bug	450	70	65	60	90	75	90	1	False	9.0	9.0	143.0	9.0	0.06293706293706294
55	50	Diglett	Ground	265	10	55	25	35	45	95	1	False	28.0	28.0	129.0	28.0	0.21705426356589147
56	51	Dugtrio	Ground	405	35	80	50	50	70	120	1	False	44.0	44.0	124.0	44.0	0.3548387096774194
57	52	Meowth	Normal	290	40	45	35	40	40	90	1	False	13.0	13.0	138.0	13.0	0.09420289855072464
58	53	Persian	Normal	440	65	70	60	65	65	115	1	False	30.0	30.0	154.0	30.0	0.19480519480519481
59	54	Psyduck	Water	320	50	52	48	65	50	55	1	False	32.0	32.0	143.0	32.0	0.22377622377622378
60	55	Golduck	Water	500	80	82	78	95	80	85	1	False	92.0	92.0	140.0	92.0	0.6571428571428571
61	56	Mankey	Fighting	305	40	80	35	35	45	70	1	False	68.0	68.0	126.0	68.0	0.5396825396825397
62	57	Primeape	Fighting	455	65	105	60	60	70	95	1	False	108.0	108.0	128.0	108.0	0.84375
63	58	Growlithe	Fire	350	55	70	45	70	50	60	1	False	91.0	91.0	140.0	91.0	0.65
64	59	Arcanine	Fire	555	90	110	80	100	80	95	1	False	103.0	103.0	120.0	103.0	0.8583333333333333
65	60	Poliwag	Water	300	40	50	40	40	40	90	1	False	47.0	47.0	142.0	47.0	0.33098591549295775
66	61	Poliwhirl	Water	385	65	65	65	50	50	90	1	False	79.0	79.0	115.0	79.0	0.6869565217391305
67	62	Poliwrath	Water	510	90	95	95	70	90	70	1	False	55.0	55.0	118.0	55.0	0.4661016949152542
68	63	Abra	Psychic	310	25	20	15	105	55	90	1	False	85.0	85.0	108.0	85.0	0.7870370370370371
69	64	Kadabra	Psychic	400	40	35	30	120	70	105	1	False	54.0	54.0	120.0	54.0	0.45
70	65	Alakazam	Psychic	500	55	50	45	135	95	120	1	False	91.0	91.0	114.0	91.0	0.7982456140350878
71	65	AlakazamMega Alakazam	Psychic	590	55	50	65	175	95	150	1	False	91.0	91.0	114.0	91.0	0.7982456140350878
73	67	Machoke	Fighting	405	80	100	70	50	60	45	1	False	90.0	90.0	125.0	90.0	0.72
74	68	Machamp	Fighting	505	90	130	80	65	85	55	1	False	68.0	68.0	130.0	68.0	0.5230769230769231
75	69	Bellsprout	Grass	300	50	75	35	70	30	40	1	False	35.0	35.0	108.0	35.0	0.32407407407407407
76	70	Weepinbell	Grass	390	65	90	50	85	45	55	1	False	87.0	87.0	130.0	87.0	0.6692307692307692
77	71	Victreebel	Grass	490	80	105	65	100	70	70	1	False	108.0	108.0	140.0	108.0	0.7714285714285715
78	72	Tentacool	Water	335	40	40	35	50	100	70	1	False	86.0	86.0	110.0	86.0	0.7818181818181819
79	73	Tentacruel	Water	515	80	70	65	80	120	100	1	False	21.0	21.0	150.0	21.0	0.14
80	74	Geodude	Rock	300	40	80	100	30	30	20	1	False	32.0	32.0	124.0	32.0	0.25806451612903225
81	75	Graveler	Rock	390	55	95	115	45	45	35	1	False	51.0	51.0	116.0	51.0	0.4396551724137931
82	76	Golem	Rock	495	80	120	130	55	65	45	1	False	23.0	23.0	108.0	23.0	0.21296296296296297
83	77	Ponyta	Fire	410	50	85	55	65	65	90	1	False	45.0	45.0	121.0	45.0	0.371900826446281
85	79	Slowpoke	Water	315	90	65	65	40	40	15	1	False	79.0	79.0	157.0	79.0	0.5031847133757962
86	80	Slowbro	Water	490	95	75	110	100	80	30	1	False	94.0	94.0	117.0	94.0	0.8034188034188035
87	80	SlowbroMega Slowbro	Water	590	95	75	180	130	80	30	1	False	94.0	94.0	117.0	94.0	0.8034188034188035
88	81	Magnemite	Electric	325	25	35	70	95	55	45	1	False	16.0	16.0	135.0	16.0	0.11851851851851852
89	82	Magneton	Electric	465	50	60	95	120	70	70	1	False	29.0	29.0	137.0	29.0	0.2116788321167883
90	83	Farfetch'd	Normal	352	52	65	55	58	62	60	1	False	50.0	50.0	135.0	50.0	0.37037037037037035
91	84	Doduo	Normal	310	35	85	45	35	35	75	1	False	86.0	86.0	115.0	86.0	0.7478260869565218
92	85	Dodrio	Normal	460	60	110	70	60	60	100	1	False	91.0	91.0	105.0	91.0	0.8666666666666667
93	86	Seel	Water	325	65	45	55	45	70	45	1	False	24.0	24.0	122.0	24.0	0.19672131147540983
94	87	Dewgong	Water	475	90	70	80	70	95	70	1	False	20.0	20.0	131.0	20.0	0.15267175572519084
95	88	Grimer	Poison	325	80	80	50	40	50	25	1	False	16.0	16.0	116.0	16.0	0.13793103448275862
96	89	Muk	Poison	500	105	105	75	65	100	50	1	False	24.0	24.0	143.0	24.0	0.16783216783216784
98	91	Cloyster	Water	525	50	95	180	85	45	70	1	False	52.0	52.0	116.0	52.0	0.4482758620689655
99	92	Gastly	Ghost	310	30	35	30	100	35	80	1	False	87.0	87.0	134.0	87.0	0.6492537313432836
100	93	Haunter	Ghost	405	45	50	45	115	55	95	1	False	121.0	121.0	143.0	121.0	0.8461538461538461
101	94	Gengar	Ghost	500	60	65	60	130	75	110	1	False	29.0	29.0	119.0	29.0	0.24369747899159663
102	94	GengarMega Gengar	Ghost	600	60	65	80	170	95	130	1	False	29.0	29.0	119.0	29.0	0.24369747899159663
103	95	Onix	Rock	385	35	45	160	30	45	70	1	False	68.0	68.0	131.0	68.0	0.5190839694656488
104	96	Drowzee	Psychic	328	60	48	45	43	90	42	1	False	25.0	25.0	142.0	25.0	0.176056338028169
105	97	Hypno	Psychic	483	85	73	70	73	115	67	1	False	50.0	50.0	133.0	50.0	0.37593984962406013
106	98	Krabby	Water	325	30	105	90	25	25	50	1	False	21.0	21.0	111.0	21.0	0.1891891891891892
107	99	Kingler	Water	475	55	130	115	50	50	75	1	False	71.0	71.0	134.0	71.0	0.5298507462686567
108	100	Voltorb	Electric	330	40	30	50	55	55	100	1	False	61.0	61.0	128.0	61.0	0.4765625
109	101	Electrode	Electric	480	60	50	70	80	80	140	1	False	77.0	77.0	111.0	77.0	0.6936936936936937
110	102	Exeggcute	Grass	325	60	40	80	60	45	40	1	False	88.0	88.0	114.0	88.0	0.7719298245614035
111	103	Exeggutor	Grass	520	95	95	85	125	65	55	1	False	113.0	113.0	131.0	113.0	0.8625954198473282
112	104	Cubone	Ground	320	50	50	95	40	50	35	1	False	65.0	65.0	135.0	65.0	0.48148148148148145
113	105	Marowak	Ground	425	60	80	110	50	80	45	1	False	30.0	30.0	137.0	30.0	0.21897810218978103
114	106	Hitmonlee	Fighting	455	50	120	53	35	110	87	1	False	61.0	61.0	119.0	61.0	0.5126050420168067
115	107	Hitmonchan	Fighting	455	50	105	79	35	110	76	1	False	38.0	38.0	137.0	38.0	0.2773722627737226
116	108	Lickitung	Normal	385	90	55	75	60	75	30	1	False	67.0	67.0	112.0	67.0	0.5982142857142857
117	109	Koffing	Poison	340	40	65	95	60	45	35	1	False	66.0	66.0	113.0	66.0	0.584070796460177
118	110	Weezing	Poison	490	65	90	120	85	70	60	1	False	109.0	109.0	129.0	109.0	0.8449612403100775
119	111	Rhyhorn	Ground	345	80	85	95	30	30	25	1	False	32.0	32.0	136.0	32.0	0.23529411764705882
120	112	Rhydon	Ground	485	105	130	120	45	45	40	1	False	37.0	37.0	95.0	37.0	0.3894736842105263
121	113	Chansey	Normal	450	250	5	5	35	105	50	1	False	29.0	29.0	143.0	29.0	0.20279720279720279
122	114	Tangela	Grass	435	65	55	115	100	40	60	1	False	34.0	34.0	120.0	34.0	0.2833333333333333
123	115	Kangaskhan	Normal	490	105	95	80	40	80	90	1	False	82.0	82.0	128.0	82.0	0.640625
124	115	KangaskhanMega Kangaskhan	Normal	590	105	125	100	60	100	100	1	False	82.0	82.0	128.0	82.0	0.640625
125	116	Horsea	Water	295	30	40	70	70	25	60	1	False	87.0	87.0	140.0	87.0	0.6214285714285714
126	117	Seadra	Water	440	55	65	95	95	45	85	1	False	19.0	19.0	136.0	19.0	0.13970588235294118
127	118	Goldeen	Water	320	45	67	60	35	50	63	1	False	20.0	20.0	143.0	20.0	0.13986013986013987
128	119	Seaking	Water	450	80	92	65	65	80	68	1	False	56.0	56.0	129.0	56.0	0.43410852713178294
129	120	Staryu	Water	340	30	45	55	70	55	85	1	False	34.0	34.0	119.0	34.0	0.2857142857142857
130	121	Starmie	Water	520	60	75	85	100	85	115	1	False	48.0	48.0	108.0	48.0	0.4444444444444444
131	122	Mr. Mime	Psychic	460	40	45	65	100	120	90	1	False	15.0	15.0	98.0	15.0	0.15306122448979592
132	123	Scyther	Bug	500	70	110	80	55	80	105	1	False	49.0	49.0	129.0	49.0	0.3798449612403101
133	124	Jynx	Ice	455	65	50	35	115	95	95	1	False	95.0	95.0	126.0	95.0	0.753968253968254
134	125	Electabuzz	Electric	490	65	83	57	95	85	105	1	False	107.0	107.0	128.0	107.0	0.8359375
135	126	Magmar	Fire	495	65	95	57	100	85	93	1	False	55.0	55.0	133.0	55.0	0.41353383458646614
136	127	Pinsir	Bug	500	65	125	100	55	70	85	1	False	78.0	78.0	118.0	78.0	0.6610169491525424
137	127	PinsirMega Pinsir	Bug	600	65	155	120	65	90	105	1	False	78.0	78.0	118.0	78.0	0.6610169491525424
138	128	Tauros	Normal	490	75	100	95	40	70	110	1	False	60.0	60.0	117.0	60.0	0.5128205128205128
139	129	Magikarp	Water	200	20	10	55	15	20	80	1	False	55.0	55.0	114.0	55.0	0.4824561403508772
140	130	Gyarados	Water	540	95	125	79	60	100	81	1	False	80.0	80.0	142.0	80.0	0.5633802816901409
141	130	GyaradosMega Gyarados	Water	640	95	155	109	70	130	81	1	False	80.0	80.0	142.0	80.0	0.5633802816901409
142	131	Lapras	Water	535	130	85	80	85	95	60	1	False	116.0	116.0	129.0	116.0	0.8992248062015504
143	132	Ditto	Normal	288	48	48	48	48	48	48	1	False	76.0	76.0	136.0	76.0	0.5588235294117647
144	133	Eevee	Normal	325	55	55	50	45	65	55	1	False	124.0	124.0	141.0	124.0	0.8794326241134752
145	134	Vaporeon	Water	525	130	65	60	110	95	65	1	False	99.0	99.0	135.0	99.0	0.7333333333333333
146	135	Jolteon	Electric	525	65	65	60	110	95	130	1	False	115.0	115.0	129.0	115.0	0.8914728682170543
147	136	Flareon	Fire	525	65	130	60	95	110	65	1	False	96.0	96.0	129.0	96.0	0.7441860465116279
148	137	Porygon	Normal	395	65	60	70	85	75	40	1	False	81.0	81.0	124.0	81.0	0.6532258064516129
149	138	Omanyte	Rock	355	35	40	100	90	55	35	1	False	105.0	105.0	121.0	105.0	0.8677685950413223
150	139	Omastar	Rock	495	70	60	125	115	70	55	1	False	102.0	102.0	117.0	102.0	0.8717948717948718
151	140	Kabuto	Rock	355	30	80	90	55	45	55	1	False	25.0	25.0	139.0	25.0	0.17985611510791366
152	141	Kabutops	Rock	495	60	115	105	65	70	80	1	False	82.0	82.0	133.0	82.0	0.6165413533834586
153	142	Aerodactyl	Rock	515	80	105	65	60	75	130	1	False	93.0	93.0	137.0	93.0	0.6788321167883211
154	142	AerodactylMega Aerodactyl	Rock	615	80	135	85	70	95	150	1	False	93.0	93.0	137.0	93.0	0.6788321167883211
155	143	Snorlax	Normal	540	160	110	65	65	110	30	1	False	61.0	61.0	139.0	61.0	0.43884892086330934
157	145	Zapdos	Electric	580	90	90	85	125	90	100	1	True	37.0	37.0	99.0	37.0	0.37373737373737376
158	146	Moltres	Fire	580	90	100	90	125	85	90	1	True	69.0	69.0	132.0	69.0	0.5227272727272727
159	147	Dratini	Dragon	300	41	64	45	50	50	50	1	False	124.0	124.0	134.0	124.0	0.9253731343283582
160	148	Dragonair	Dragon	420	61	84	65	70	70	70	1	False	70.0	70.0	132.0	70.0	0.5303030303030303
161	149	Dragonite	Dragon	600	91	134	95	100	100	80	1	False	23.0	23.0	128.0	23.0	0.1796875
162	150	Mewtwo	Psychic	680	106	110	90	154	90	130	1	True	23.0	23.0	128.0	23.0	0.1796875
163	150	MewtwoMega Mewtwo X	Psychic	780	106	190	100	154	100	130	1	True	23.0	23.0	128.0	23.0	0.1796875
164	150	MewtwoMega Mewtwo Y	Psychic	780	106	150	70	194	120	140	1	True	23.0	23.0	128.0	23.0	0.1796875
165	151	Mew	Psychic	600	100	100	100	100	100	100	1	False	49.0	49.0	138.0	49.0	0.35507246376811596
166	152	Chikorita	Grass	318	45	49	65	49	65	45	2	False	61.0	61.0	142.0	61.0	0.4295774647887324
167	153	Bayleef	Grass	405	60	62	80	63	80	60	2	False	79.0	79.0	110.0	79.0	0.7181818181818181
168	154	Meganium	Grass	525	80	82	100	83	100	80	2	False	136.0	136.0	141.0	136.0	0.9645390070921985
169	155	Cyndaquil	Fire	309	39	52	43	60	50	65	2	False	127.0	127.0	129.0	127.0	0.9844961240310077
170	156	Quilava	Fire	405	58	64	58	80	65	80	2	False	40.0	40.0	112.0	40.0	0.35714285714285715
171	157	Typhlosion	Fire	534	78	84	78	109	85	100	2	False	95.0	95.0	139.0	95.0	0.6834532374100719
172	158	Totodile	Water	314	50	65	64	44	48	43	2	False	93.0	93.0	121.0	93.0	0.768595041322314
173	159	Croconaw	Water	405	65	80	80	59	63	58	2	False	100.0	100.0	136.0	100.0	0.7352941176470589
174	160	Feraligatr	Water	530	85	105	100	79	83	78	2	False	43.0	43.0	117.0	43.0	0.36752136752136755
175	161	Sentret	Normal	215	35	46	34	35	45	20	2	False	58.0	58.0	116.0	58.0	0.5
176	162	Furret	Normal	415	85	76	64	45	55	90	2	False	87.0	87.0	138.0	87.0	0.6304347826086957
177	163	Hoothoot	Normal	262	60	30	30	36	56	50	2	False	152.0	152.0	164.0	152.0	0.926829268292683
178	164	Noctowl	Normal	442	100	50	50	76	96	70	2	False	125.0	125.0	135.0	125.0	0.9259259259259259
179	165	Ledyba	Bug	265	40	20	30	40	80	55	2	False	119.0	119.0	125.0	119.0	0.952
180	166	Ledian	Bug	390	55	35	50	55	110	85	2	False	94.0	94.0	113.0	94.0	0.831858407079646
181	167	Spinarak	Bug	250	40	60	40	40	40	30	2	False	33.0	33.0	120.0	33.0	0.275
182	168	Ariados	Bug	390	70	90	70	60	60	40	2	False	49.0	49.0	113.0	49.0	0.4336283185840708
183	169	Crobat	Poison	535	85	90	80	70	80	130	2	False	88.0	88.0	129.0	88.0	0.6821705426356589
184	170	Chinchou	Water	330	75	38	38	56	56	67	2	False	61.0	61.0	121.0	61.0	0.5041322314049587
185	171	Lanturn	Water	460	125	58	58	76	76	67	2	False	92.0	92.0	151.0	92.0	0.609271523178808
186	172	Pichu	Electric	205	20	40	15	35	35	60	2	False	100.0	100.0	116.0	100.0	0.8620689655172413
187	173	Cleffa	Fairy	218	50	25	28	45	55	15	2	False	29.0	29.0	132.0	29.0	0.2196969696969697
188	174	Igglybuff	Normal	210	90	30	15	40	20	15	2	False	60.0	60.0	136.0	60.0	0.4411764705882353
189	175	Togepi	Fairy	245	35	20	65	40	65	20	2	False	81.0	81.0	138.0	81.0	0.5869565217391305
190	176	Togetic	Fairy	405	55	40	85	80	105	40	2	False	9.0	9.0	125.0	9.0	0.072
191	177	Natu	Psychic	320	40	50	45	70	45	70	2	False	93.0	93.0	138.0	93.0	0.6739130434782609
192	178	Xatu	Psychic	470	65	75	70	95	70	95	2	False	36.0	36.0	111.0	36.0	0.32432432432432434
193	179	Mareep	Electric	280	55	40	40	65	45	35	2	False	68.0	68.0	136.0	68.0	0.5
194	180	Flaaffy	Electric	365	70	55	55	80	60	45	2	False	28.0	28.0	123.0	28.0	0.22764227642276422
195	181	Ampharos	Electric	510	90	75	85	115	90	55	2	False	86.0	86.0	137.0	86.0	0.6277372262773723
196	181	AmpharosMega Ampharos	Electric	610	90	95	105	165	110	45	2	False	86.0	86.0	137.0	86.0	0.6277372262773723
197	182	Bellossom	Grass	490	75	80	95	90	100	50	2	False	13.0	13.0	137.0	13.0	0.0948905109489051
199	184	Azumarill	Water	420	100	50	80	60	80	50	2	False	113.0	113.0	122.0	113.0	0.9262295081967213
200	185	Sudowoodo	Rock	410	70	100	115	30	65	30	2	False	60.0	60.0	114.0	60.0	0.5263157894736842
201	186	Politoed	Water	500	90	75	75	90	100	70	2	False	66.0	66.0	128.0	66.0	0.515625
202	187	Hoppip	Grass	250	35	35	40	35	55	50	2	False	36.0	36.0	105.0	36.0	0.34285714285714286
203	188	Skiploom	Grass	340	55	45	50	45	65	80	2	False	7.0	7.0	112.0	7.0	0.0625
204	189	Jumpluff	Grass	460	75	55	70	55	95	110	2	False	5.0	5.0	115.0	5.0	0.043478260869565216
205	190	Aipom	Normal	360	55	70	55	40	55	85	2	False	3.0	3.0	122.0	3.0	0.02459016393442623
206	191	Sunkern	Grass	180	30	30	30	30	30	30	2	False	30.0	30.0	127.0	30.0	0.23622047244094488
207	192	Sunflora	Grass	425	75	75	55	105	85	30	2	False	64.0	64.0	116.0	64.0	0.5517241379310345
208	193	Yanma	Bug	390	65	65	45	75	45	95	2	False	88.0	88.0	121.0	88.0	0.7272727272727273
209	194	Wooper	Water	210	55	45	45	25	25	15	2	False	23.0	23.0	140.0	23.0	0.16428571428571428
210	195	Quagsire	Water	430	95	85	85	65	65	35	2	False	24.0	24.0	108.0	24.0	0.2222222222222222
211	196	Espeon	Psychic	525	65	65	60	130	95	110	2	False	41.0	41.0	119.0	41.0	0.3445378151260504
212	197	Umbreon	Dark	525	95	65	110	60	130	65	2	False	37.0	37.0	128.0	37.0	0.2890625
213	198	Murkrow	Dark	405	60	85	42	85	42	91	2	False	30.0	30.0	139.0	30.0	0.2158273381294964
214	199	Slowking	Water	490	95	75	80	100	110	30	2	False	19.0	19.0	122.0	19.0	0.1557377049180328
215	200	Misdreavus	Ghost	435	60	60	60	85	85	85	2	False	44.0	44.0	128.0	44.0	0.34375
216	201	Unown	Psychic	336	48	72	48	72	48	48	2	False	30.0	30.0	123.0	30.0	0.24390243902439024
217	202	Wobbuffet	Psychic	405	190	33	58	33	58	33	2	False	65.0	65.0	119.0	65.0	0.5462184873949579
218	203	Girafarig	Normal	455	70	80	65	90	65	85	2	False	48.0	48.0	119.0	48.0	0.40336134453781514
219	204	Pineco	Bug	290	50	65	90	35	35	15	2	False	66.0	66.0	119.0	66.0	0.5546218487394958
220	205	Forretress	Bug	465	75	90	140	60	60	40	2	False	114.0	114.0	135.0	114.0	0.8444444444444444
221	206	Dunsparce	Normal	415	100	70	70	65	65	45	2	False	87.0	87.0	123.0	87.0	0.7073170731707317
222	207	Gligar	Ground	430	65	75	105	35	65	85	2	False	14.0	14.0	111.0	14.0	0.12612612612612611
223	208	Steelix	Steel	510	75	85	200	55	65	30	2	False	23.0	23.0	142.0	23.0	0.1619718309859155
224	208	SteelixMega Steelix	Steel	610	75	125	230	55	95	30	2	False	23.0	23.0	142.0	23.0	0.1619718309859155
225	209	Snubbull	Fairy	300	60	80	50	40	40	30	2	False	90.0	90.0	125.0	90.0	0.72
226	210	Granbull	Fairy	450	90	120	75	60	60	45	2	False	6.0	6.0	125.0	6.0	0.048
227	211	Qwilfish	Water	430	65	95	75	55	55	85	2	False	36.0	36.0	140.0	36.0	0.2571428571428571
228	212	Scizor	Bug	500	70	130	100	55	80	65	2	False	117.0	117.0	142.0	117.0	0.823943661971831
229	212	ScizorMega Scizor	Bug	600	70	150	140	65	100	75	2	False	117.0	117.0	142.0	117.0	0.823943661971831
230	213	Shuckle	Bug	505	20	10	230	10	230	5	2	False	67.0	67.0	127.0	67.0	0.5275590551181102
231	214	Heracross	Bug	500	80	125	75	40	95	85	2	False	130.0	130.0	158.0	130.0	0.8227848101265823
232	214	HeracrossMega Heracross	Bug	600	80	185	115	40	105	75	2	False	130.0	130.0	158.0	130.0	0.8227848101265823
233	215	Sneasel	Dark	430	55	95	55	35	75	115	2	False	32.0	32.0	132.0	32.0	0.24242424242424243
234	216	Teddiursa	Normal	330	60	80	50	50	50	40	2	False	84.0	84.0	133.0	84.0	0.631578947368421
235	217	Ursaring	Normal	500	90	130	75	75	75	55	2	False	33.0	33.0	127.0	33.0	0.25984251968503935
236	218	Slugma	Fire	250	40	40	40	70	40	20	2	False	18.0	18.0	134.0	18.0	0.13432835820895522
237	219	Magcargo	Fire	410	50	50	120	80	80	30	2	False	74.0	74.0	128.0	74.0	0.578125
238	220	Swinub	Ice	250	50	50	40	30	30	50	2	False	16.0	16.0	109.0	16.0	0.14678899082568808
239	221	Piloswine	Ice	450	100	100	80	60	60	50	2	False	37.0	37.0	123.0	37.0	0.3008130081300813
240	222	Corsola	Water	380	55	55	85	65	85	35	2	False	26.0	26.0	137.0	26.0	0.1897810218978102
241	223	Remoraid	Water	300	35	65	35	65	35	65	2	False	93.0	93.0	134.0	93.0	0.6940298507462687
242	224	Octillery	Water	480	75	105	75	105	75	45	2	False	25.0	25.0	149.0	25.0	0.16778523489932887
243	225	Delibird	Ice	330	45	55	45	65	45	75	2	False	50.0	50.0	145.0	50.0	0.3448275862068966
244	226	Mantine	Water	465	65	40	70	80	140	70	2	False	21.0	21.0	137.0	21.0	0.15328467153284672
245	227	Skarmory	Steel	465	65	80	140	40	70	70	2	False	35.0	35.0	119.0	35.0	0.29411764705882354
246	228	Houndour	Dark	330	45	60	30	80	50	65	2	False	104.0	104.0	150.0	104.0	0.6933333333333334
247	229	Houndoom	Dark	500	75	90	50	110	80	95	2	False	76.0	76.0	125.0	76.0	0.608
248	229	HoundoomMega Houndoom	Dark	600	75	90	90	140	90	115	2	False	76.0	76.0	125.0	76.0	0.608
249	230	Kingdra	Water	540	75	95	95	95	95	85	2	False	77.0	77.0	140.0	77.0	0.55
251	232	Donphan	Ground	500	90	120	120	60	60	50	2	False	94.0	94.0	136.0	94.0	0.6911764705882353
252	233	Porygon2	Normal	515	85	80	90	105	95	60	2	False	81.0	81.0	130.0	81.0	0.6230769230769231
253	234	Stantler	Normal	465	73	95	62	85	65	85	2	False	106.0	106.0	113.0	106.0	0.9380530973451328
254	235	Smeargle	Normal	250	55	20	35	20	45	75	2	False	26.0	26.0	109.0	26.0	0.23853211009174313
256	237	Hitmontop	Fighting	455	50	95	95	35	110	70	2	False	4.0	4.0	123.0	4.0	0.032520325203252036
257	238	Smoochum	Ice	305	45	30	15	85	65	65	2	False	9.0	9.0	124.0	9.0	0.07258064516129033
258	239	Elekid	Electric	360	45	63	37	65	55	95	2	False	37.0	37.0	133.0	37.0	0.2781954887218045
259	240	Magby	Fire	365	45	75	37	70	55	83	2	False	36.0	36.0	118.0	36.0	0.3050847457627119
260	241	Miltank	Normal	490	95	80	105	40	70	100	2	False	28.0	28.0	139.0	28.0	0.2014388489208633
261	242	Blissey	Normal	540	255	10	10	75	135	55	2	False	69.0	69.0	148.0	69.0	0.46621621621621623
262	243	Raikou	Electric	580	90	85	75	115	100	115	2	True	37.0	37.0	113.0	37.0	0.3274336283185841
263	244	Entei	Fire	580	115	115	85	90	75	100	2	True	74.0	74.0	130.0	74.0	0.5692307692307692
264	245	Suicune	Water	580	100	75	115	90	115	85	2	True	78.0	78.0	131.0	78.0	0.5954198473282443
265	246	Larvitar	Rock	300	50	64	50	45	50	41	2	False	70.0	70.0	134.0	70.0	0.5223880597014925
266	247	Pupitar	Rock	410	70	84	70	65	70	51	2	False	58.0	58.0	126.0	58.0	0.4603174603174603
267	248	Tyranitar	Rock	600	100	134	110	95	100	61	2	False	111.0	111.0	139.0	111.0	0.7985611510791367
268	248	TyranitarMega Tyranitar	Rock	700	100	164	150	95	120	71	2	False	111.0	111.0	139.0	111.0	0.7985611510791367
269	249	Lugia	Psychic	680	106	90	130	90	154	110	2	True	128.0	128.0	135.0	128.0	0.9481481481481482
270	250	Ho-oh	Fire	680	106	130	90	110	154	90	2	True	88.0	88.0	136.0	88.0	0.6470588235294118
271	251	Celebi	Psychic	600	100	100	100	100	100	100	2	False	39.0	39.0	132.0	39.0	0.29545454545454547
272	252	Treecko	Grass	310	40	45	35	65	55	70	3	False	48.0	48.0	136.0	48.0	0.35294117647058826
273	253	Grovyle	Grass	405	50	65	45	85	65	95	3	False	53.0	53.0	108.0	53.0	0.49074074074074076
274	254	Sceptile	Grass	530	70	85	65	105	85	120	3	False	90.0	90.0	135.0	90.0	0.6666666666666666
275	254	SceptileMega Sceptile	Grass	630	70	110	75	145	85	145	3	False	90.0	90.0	135.0	90.0	0.6666666666666666
276	255	Torchic	Fire	310	45	60	40	70	50	45	3	False	52.0	52.0	138.0	52.0	0.37681159420289856
277	256	Combusken	Fire	405	60	85	60	85	60	55	3	False	17.0	17.0	127.0	17.0	0.13385826771653545
278	257	Blaziken	Fire	530	80	120	70	110	70	80	3	False	72.0	72.0	139.0	72.0	0.5179856115107914
279	257	BlazikenMega Blaziken	Fire	630	80	160	80	130	80	100	3	False	72.0	72.0	139.0	72.0	0.5179856115107914
280	258	Mudkip	Water	310	50	70	50	50	50	40	3	False	46.0	46.0	127.0	46.0	0.36220472440944884
281	259	Marshtomp	Water	405	70	85	70	60	70	50	3	False	116.0	116.0	144.0	116.0	0.8055555555555556
282	260	Swampert	Water	535	100	110	90	85	90	60	3	False	81.0	81.0	131.0	81.0	0.6183206106870229
283	260	SwampertMega Swampert	Water	635	100	150	110	95	110	70	3	False	81.0	81.0	131.0	81.0	0.6183206106870229
284	261	Poochyena	Dark	220	35	55	35	30	30	35	3	False	103.0	103.0	128.0	103.0	0.8046875
285	262	Mightyena	Dark	420	70	90	70	60	60	70	3	False	40.0	40.0	128.0	40.0	0.3125
286	263	Zigzagoon	Normal	240	38	30	41	30	41	60	3	False	91.0	91.0	97.0	91.0	0.9381443298969072
287	264	Linoone	Normal	420	78	70	61	50	61	100	3	False	109.0	109.0	134.0	109.0	0.8134328358208955
288	265	Wurmple	Bug	195	45	45	35	20	30	20	3	False	78.0	78.0	121.0	78.0	0.6446280991735537
289	266	Silcoon	Bug	205	50	35	55	25	25	15	3	False	25.0	25.0	110.0	25.0	0.22727272727272727
290	267	Beautifly	Bug	395	60	70	50	100	50	65	3	False	41.0	41.0	139.0	41.0	0.2949640287769784
291	268	Cascoon	Bug	205	50	35	55	25	25	15	3	False	56.0	56.0	138.0	56.0	0.4057971014492754
292	269	Dustox	Bug	385	60	50	70	50	90	65	3	False	70.0	70.0	124.0	70.0	0.5645161290322581
293	270	Lotad	Water	220	40	30	30	40	50	30	3	False	107.0	107.0	123.0	107.0	0.8699186991869918
294	271	Lombre	Water	340	60	50	50	60	70	50	3	False	77.0	77.0	107.0	77.0	0.719626168224299
295	272	Ludicolo	Water	480	80	70	70	90	100	70	3	False	111.0	111.0	133.0	111.0	0.8345864661654135
296	273	Seedot	Grass	220	40	40	50	30	30	30	3	False	52.0	52.0	116.0	52.0	0.4482758620689655
297	274	Nuzleaf	Grass	340	70	70	40	60	40	60	3	False	76.0	76.0	105.0	76.0	0.7238095238095238
298	275	Shiftry	Grass	480	90	100	60	90	60	80	3	False	113.0	113.0	122.0	113.0	0.9262295081967213
299	276	Taillow	Normal	270	40	55	30	30	30	85	3	False	119.0	119.0	126.0	119.0	0.9444444444444444
300	277	Swellow	Normal	430	60	85	60	50	50	125	3	False	39.0	39.0	137.0	39.0	0.2846715328467153
301	278	Wingull	Water	270	40	30	30	55	30	85	3	False	54.0	54.0	147.0	54.0	0.3673469387755102
302	279	Pelipper	Water	430	60	50	100	85	70	65	3	False	79.0	79.0	123.0	79.0	0.6422764227642277
303	280	Ralts	Psychic	198	28	25	25	45	35	40	3	False	104.0	104.0	123.0	104.0	0.8455284552845529
304	281	Kirlia	Psychic	278	38	35	35	65	55	50	3	False	22.0	22.0	135.0	22.0	0.16296296296296298
305	282	Gardevoir	Psychic	518	68	65	65	125	115	80	3	False	42.0	42.0	148.0	42.0	0.28378378378378377
306	282	GardevoirMega Gardevoir	Psychic	618	68	85	65	165	135	100	3	False	42.0	42.0	148.0	42.0	0.28378378378378377
307	283	Surskit	Bug	269	40	30	32	50	52	65	3	False	65.0	65.0	136.0	65.0	0.47794117647058826
308	284	Masquerain	Bug	414	70	60	62	80	82	60	3	False	77.0	77.0	130.0	77.0	0.5923076923076923
309	285	Shroomish	Grass	295	60	40	60	40	60	35	3	False	27.0	27.0	114.0	27.0	0.23684210526315788
310	286	Breloom	Grass	460	60	130	80	60	60	70	3	False	85.0	85.0	133.0	85.0	0.6390977443609023
311	287	Slakoth	Normal	280	60	60	60	35	35	30	3	False	31.0	31.0	107.0	31.0	0.2897196261682243
312	288	Vigoroth	Normal	440	80	80	80	55	55	90	3	False	101.0	101.0	124.0	101.0	0.8145161290322581
313	289	Slaking	Normal	670	150	160	100	95	65	100	3	False	10.0	10.0	138.0	10.0	0.07246376811594203
314	290	Nincada	Bug	266	31	45	90	30	30	40	3	False	3.0	3.0	138.0	3.0	0.021739130434782608
315	291	Ninjask	Bug	456	61	90	45	50	50	160	3	False	72.0	72.0	138.0	72.0	0.5217391304347826
316	292	Shedinja	Bug	236	1	90	45	30	30	40	3	False	7.0	7.0	133.0	7.0	0.05263157894736842
317	293	Whismur	Normal	240	64	51	23	51	23	28	3	False	55.0	55.0	139.0	55.0	0.39568345323741005
318	294	Loudred	Normal	360	84	71	43	71	43	48	3	False	10.0	10.0	126.0	10.0	0.07936507936507936
319	295	Exploud	Normal	490	104	91	63	91	73	68	3	False	36.0	36.0	127.0	36.0	0.28346456692913385
320	296	Makuhita	Fighting	237	72	60	30	20	30	25	3	False	69.0	69.0	123.0	69.0	0.5609756097560976
321	297	Hariyama	Fighting	474	144	120	60	40	60	50	3	False	11.0	11.0	126.0	11.0	0.0873015873015873
322	298	Azurill	Normal	190	50	20	40	20	40	20	3	False	48.0	48.0	113.0	48.0	0.4247787610619469
323	299	Nosepass	Rock	375	30	45	135	45	90	30	3	False	79.0	79.0	123.0	79.0	0.6422764227642277
324	300	Skitty	Normal	260	50	45	45	35	35	50	3	False	86.0	86.0	125.0	86.0	0.688
325	301	Delcatty	Normal	380	70	65	65	55	55	70	3	False	110.0	110.0	121.0	110.0	0.9090909090909091
326	302	Sableye	Dark	380	50	75	75	65	65	50	3	False	56.0	56.0	120.0	56.0	0.4666666666666667
327	302	SableyeMega Sableye	Dark	480	50	85	125	85	115	20	3	False	56.0	56.0	120.0	56.0	0.4666666666666667
328	303	Mawile	Steel	380	50	85	85	55	55	50	3	False	59.0	59.0	124.0	59.0	0.47580645161290325
329	303	MawileMega Mawile	Steel	480	50	105	125	55	95	50	3	False	59.0	59.0	124.0	59.0	0.47580645161290325
330	304	Aron	Steel	330	50	70	100	40	40	30	3	False	23.0	23.0	143.0	23.0	0.16083916083916083
331	305	Lairon	Steel	430	60	90	140	50	50	40	3	False	36.0	36.0	136.0	36.0	0.2647058823529412
332	306	Aggron	Steel	530	70	110	180	60	60	50	3	False	84.0	84.0	130.0	84.0	0.6461538461538462
333	306	AggronMega Aggron	Steel	630	70	140	230	60	80	50	3	False	84.0	84.0	130.0	84.0	0.6461538461538462
334	307	Meditite	Fighting	280	30	40	55	40	55	60	3	False	97.0	97.0	120.0	97.0	0.8083333333333333
335	308	Medicham	Fighting	410	60	60	75	60	75	80	3	False	47.0	47.0	128.0	47.0	0.3671875
336	308	MedichamMega Medicham	Fighting	510	60	100	85	80	85	100	3	False	47.0	47.0	128.0	47.0	0.3671875
337	309	Electrike	Electric	295	40	45	40	65	40	65	3	False	63.0	63.0	144.0	63.0	0.4375
338	310	Manectric	Electric	475	70	75	60	105	60	105	3	False	26.0	26.0	144.0	26.0	0.18055555555555555
339	310	ManectricMega Manectric	Electric	575	70	75	80	135	80	135	3	False	26.0	26.0	144.0	26.0	0.18055555555555555
340	311	Plusle	Electric	405	60	50	40	85	75	95	3	False	67.0	67.0	130.0	67.0	0.5153846153846153
341	312	Minun	Electric	405	60	40	50	75	85	95	3	False	15.0	15.0	134.0	15.0	0.11194029850746269
342	313	Volbeat	Bug	400	65	73	55	47	75	85	3	False	86.0	86.0	134.0	86.0	0.6417910447761194
343	314	Illumise	Bug	400	65	47	55	73	75	85	3	False	133.0	133.0	150.0	133.0	0.8866666666666667
344	315	Roselia	Grass	400	50	60	45	100	80	65	3	False	25.0	25.0	114.0	25.0	0.21929824561403508
345	316	Gulpin	Poison	302	70	43	53	43	53	40	3	False	108.0	108.0	117.0	108.0	0.9230769230769231
346	317	Swalot	Poison	467	100	73	83	73	83	55	3	False	41.0	41.0	124.0	41.0	0.33064516129032256
347	318	Carvanha	Water	305	45	90	20	65	20	65	3	False	15.0	15.0	132.0	15.0	0.11363636363636363
348	319	Sharpedo	Water	460	70	120	40	95	40	95	3	False	37.0	37.0	143.0	37.0	0.25874125874125875
349	319	SharpedoMega Sharpedo	Water	560	70	140	70	110	65	105	3	False	37.0	37.0	143.0	37.0	0.25874125874125875
350	320	Wailmer	Water	400	130	70	35	70	35	60	3	False	65.0	65.0	127.0	65.0	0.5118110236220472
351	321	Wailord	Water	500	170	90	45	90	45	60	3	False	14.0	14.0	121.0	14.0	0.11570247933884298
353	323	Camerupt	Fire	460	70	100	70	105	75	40	3	False	13.0	13.0	135.0	13.0	0.0962962962962963
354	323	CameruptMega Camerupt	Fire	560	70	120	100	145	105	20	3	False	13.0	13.0	135.0	13.0	0.0962962962962963
355	324	Torkoal	Fire	470	70	85	140	85	70	20	3	False	13.0	13.0	140.0	13.0	0.09285714285714286
356	325	Spoink	Psychic	330	60	25	35	70	80	60	3	False	32.0	32.0	136.0	32.0	0.23529411764705882
357	326	Grumpig	Psychic	470	80	45	65	90	110	80	3	False	58.0	58.0	116.0	58.0	0.5
358	327	Spinda	Normal	360	60	60	60	60	60	60	3	False	49.0	49.0	121.0	49.0	0.4049586776859504
359	328	Trapinch	Ground	290	45	100	45	45	45	10	3	False	59.0	59.0	137.0	59.0	0.4306569343065693
360	329	Vibrava	Ground	340	50	70	50	50	50	70	3	False	48.0	48.0	123.0	48.0	0.3902439024390244
361	330	Flygon	Ground	520	80	100	80	80	80	100	3	False	53.0	53.0	141.0	53.0	0.375886524822695
362	331	Cacnea	Grass	335	50	85	40	85	40	35	3	False	28.0	28.0	126.0	28.0	0.2222222222222222
363	332	Cacturne	Grass	475	70	115	60	115	60	55	3	False	36.0	36.0	142.0	36.0	0.2535211267605634
364	333	Swablu	Normal	310	45	40	60	40	75	50	3	False	63.0	63.0	153.0	63.0	0.4117647058823529
365	334	Altaria	Dragon	490	75	70	90	70	105	80	3	False	48.0	48.0	148.0	48.0	0.32432432432432434
366	334	AltariaMega Altaria	Dragon	590	75	110	110	110	105	80	3	False	48.0	48.0	148.0	48.0	0.32432432432432434
367	335	Zangoose	Normal	458	73	115	60	60	60	90	3	False	45.0	45.0	139.0	45.0	0.3237410071942446
368	336	Seviper	Poison	458	73	100	60	100	60	65	3	False	82.0	82.0	112.0	82.0	0.7321428571428571
369	337	Lunatone	Rock	440	70	55	65	95	85	70	3	False	89.0	89.0	127.0	89.0	0.7007874015748031
370	338	Solrock	Rock	440	70	95	85	55	65	70	3	False	77.0	77.0	136.0	77.0	0.5661764705882353
371	339	Barboach	Water	288	50	48	43	46	41	60	3	False	110.0	110.0	125.0	110.0	0.88
372	340	Whiscash	Water	468	110	78	73	76	71	60	3	False	123.0	123.0	134.0	123.0	0.917910447761194
373	341	Corphish	Water	308	43	80	65	50	35	35	3	False	92.0	92.0	122.0	92.0	0.7540983606557377
374	342	Crawdaunt	Water	468	63	120	85	90	55	55	3	False	81.0	81.0	134.0	81.0	0.6044776119402985
375	343	Baltoy	Ground	300	40	40	55	40	70	55	3	False	76.0	76.0	111.0	76.0	0.6846846846846847
376	344	Claydol	Ground	500	60	70	105	70	120	75	3	False	104.0	104.0	160.0	104.0	0.65
377	345	Lileep	Rock	355	66	41	77	61	87	23	3	False	53.0	53.0	116.0	53.0	0.45689655172413796
378	346	Cradily	Rock	495	86	81	97	81	107	43	3	False	21.0	21.0	110.0	21.0	0.19090909090909092
379	347	Anorith	Rock	355	45	95	50	40	50	75	3	False	45.0	45.0	121.0	45.0	0.371900826446281
380	348	Armaldo	Rock	495	75	125	100	70	80	45	3	False	66.0	66.0	129.0	66.0	0.5116279069767442
381	349	Feebas	Water	200	20	15	20	10	55	80	3	False	107.0	107.0	132.0	107.0	0.8106060606060606
382	350	Milotic	Water	540	95	60	79	100	125	81	3	False	114.0	114.0	120.0	114.0	0.95
383	351	Castform	Normal	420	70	70	70	70	70	70	3	False	45.0	45.0	112.0	45.0	0.4017857142857143
384	352	Kecleon	Normal	440	60	90	70	60	120	40	3	False	59.0	59.0	138.0	59.0	0.427536231884058
385	353	Shuppet	Ghost	295	44	75	35	63	33	45	3	False	19.0	19.0	120.0	19.0	0.15833333333333333
386	354	Banette	Ghost	455	64	115	65	83	63	65	3	False	26.0	26.0	112.0	26.0	0.23214285714285715
387	354	BanetteMega Banette	Ghost	555	64	165	75	93	83	75	3	False	26.0	26.0	112.0	26.0	0.23214285714285715
388	355	Duskull	Ghost	295	20	40	90	30	90	25	3	False	37.0	37.0	131.0	37.0	0.2824427480916031
389	356	Dusclops	Ghost	455	40	70	130	60	130	25	3	False	34.0	34.0	125.0	34.0	0.272
390	357	Tropius	Grass	460	99	68	83	72	87	51	3	False	36.0	36.0	117.0	36.0	0.3076923076923077
391	358	Chimecho	Psychic	425	65	50	70	95	80	65	3	False	59.0	59.0	108.0	59.0	0.5462962962962963
392	359	Absol	Dark	465	65	130	60	75	60	75	3	False	48.0	48.0	126.0	48.0	0.38095238095238093
393	359	AbsolMega Absol	Dark	565	65	150	60	115	60	115	3	False	48.0	48.0	126.0	48.0	0.38095238095238093
394	360	Wynaut	Psychic	260	95	23	48	23	48	23	3	False	41.0	41.0	139.0	41.0	0.2949640287769784
395	361	Snorunt	Ice	300	50	50	50	50	50	50	3	False	70.0	70.0	124.0	70.0	0.5645161290322581
396	362	Glalie	Ice	480	80	80	80	80	80	80	3	False	105.0	105.0	116.0	105.0	0.9051724137931034
397	362	GlalieMega Glalie	Ice	580	80	120	80	120	80	100	3	False	105.0	105.0	116.0	105.0	0.9051724137931034
398	363	Spheal	Ice	290	70	40	50	55	50	25	3	False	22.0	22.0	126.0	22.0	0.1746031746031746
399	364	Sealeo	Ice	410	90	60	70	75	70	45	3	False	66.0	66.0	142.0	66.0	0.4647887323943662
400	365	Walrein	Ice	530	110	80	90	95	90	65	3	False	36.0	36.0	123.0	36.0	0.2926829268292683
401	366	Clamperl	Water	345	35	64	85	74	55	32	3	False	82.0	82.0	125.0	82.0	0.656
402	367	Huntail	Water	485	55	104	105	94	75	52	3	False	90.0	90.0	137.0	90.0	0.656934306569343
403	368	Gorebyss	Water	485	55	84	105	114	75	52	3	False	79.0	79.0	118.0	79.0	0.6694915254237288
404	369	Relicanth	Water	485	100	90	130	45	65	55	3	False	61.0	61.0	143.0	61.0	0.42657342657342656
405	370	Luvdisc	Water	330	43	30	55	40	65	97	3	False	69.0	69.0	130.0	69.0	0.5307692307692308
406	371	Bagon	Dragon	300	45	75	60	40	30	50	3	False	54.0	54.0	108.0	54.0	0.5
407	372	Shelgon	Dragon	420	65	95	100	60	50	50	3	False	70.0	70.0	148.0	70.0	0.47297297297297297
408	373	Salamence	Dragon	600	95	135	80	110	80	100	3	False	41.0	41.0	123.0	41.0	0.3333333333333333
409	373	SalamenceMega Salamence	Dragon	700	95	145	130	120	90	120	3	False	41.0	41.0	123.0	41.0	0.3333333333333333
410	374	Beldum	Steel	300	40	55	80	35	60	30	3	False	22.0	22.0	155.0	22.0	0.14193548387096774
411	375	Metang	Steel	420	60	75	100	55	80	50	3	False	34.0	34.0	121.0	34.0	0.2809917355371901
412	376	Metagross	Steel	600	80	135	130	95	90	70	3	False	61.0	61.0	149.0	61.0	0.40939597315436244
413	376	MetagrossMega Metagross	Steel	700	80	145	150	105	110	110	3	False	61.0	61.0	149.0	61.0	0.40939597315436244
414	377	Regirock	Rock	580	80	100	200	50	100	50	3	True	73.0	73.0	122.0	73.0	0.5983606557377049
415	378	Regice	Ice	580	80	50	100	100	200	50	3	True	15.0	15.0	124.0	15.0	0.12096774193548387
416	379	Registeel	Steel	580	80	75	150	75	150	50	3	True	26.0	26.0	128.0	26.0	0.203125
417	380	Latias	Dragon	600	80	80	90	110	130	110	3	True	81.0	81.0	150.0	81.0	0.54
418	380	LatiasMega Latias	Dragon	700	80	100	120	140	150	110	3	True	81.0	81.0	150.0	81.0	0.54
419	381	Latios	Dragon	600	80	90	80	130	110	110	3	True	37.0	37.0	112.0	37.0	0.33035714285714285
420	381	LatiosMega Latios	Dragon	700	80	130	100	160	120	110	3	True	37.0	37.0	112.0	37.0	0.33035714285714285
421	382	Kyogre	Water	670	100	100	90	150	140	90	3	True	33.0	33.0	123.0	33.0	0.2682926829268293
422	382	KyogrePrimal Kyogre	Water	770	100	150	90	180	160	90	3	True	33.0	33.0	123.0	33.0	0.2682926829268293
423	383	Groudon	Ground	670	100	150	140	100	90	90	3	True	80.0	80.0	129.0	80.0	0.6201550387596899
424	383	GroudonPrimal Groudon	Ground	770	100	180	160	150	90	90	3	True	80.0	80.0	129.0	80.0	0.6201550387596899
425	384	Rayquaza	Dragon	680	105	150	90	150	90	95	3	True	64.0	64.0	121.0	64.0	0.5289256198347108
426	384	RayquazaMega Rayquaza	Dragon	780	105	180	100	180	100	115	3	True	64.0	64.0	121.0	64.0	0.5289256198347108
427	385	Jirachi	Steel	600	100	100	100	100	100	100	3	True	34.0	34.0	124.0	34.0	0.27419354838709675
428	386	DeoxysNormal Forme	Psychic	600	50	150	50	150	50	150	3	True	36.0	36.0	136.0	36.0	0.2647058823529412
429	386	DeoxysAttack Forme	Psychic	600	50	180	20	180	20	150	3	True	36.0	36.0	136.0	36.0	0.2647058823529412
430	386	DeoxysDefense Forme	Psychic	600	50	70	160	70	160	90	3	True	36.0	36.0	136.0	36.0	0.2647058823529412
431	386	DeoxysSpeed Forme	Psychic	600	50	95	90	95	90	180	3	True	36.0	36.0	136.0	36.0	0.2647058823529412
432	387	Turtwig	Grass	318	55	68	64	45	55	31	4	False	74.0	74.0	139.0	74.0	0.5323741007194245
433	388	Grotle	Grass	405	75	89	85	55	65	36	4	False	83.0	83.0	126.0	83.0	0.6587301587301587
434	389	Torterra	Grass	525	95	109	105	75	85	56	4	False	15.0	15.0	132.0	15.0	0.11363636363636363
435	390	Chimchar	Fire	309	44	58	44	58	44	61	4	False	21.0	21.0	121.0	21.0	0.17355371900826447
436	391	Monferno	Fire	405	64	78	52	78	52	81	4	False	56.0	56.0	134.0	56.0	0.417910447761194
437	392	Infernape	Fire	534	76	104	71	104	71	108	4	False	52.0	52.0	122.0	52.0	0.4262295081967213
438	393	Piplup	Water	314	53	51	53	61	56	40	4	False	89.0	89.0	129.0	89.0	0.689922480620155
439	394	Prinplup	Water	405	64	66	68	81	76	50	4	False	130.0	130.0	139.0	130.0	0.935251798561151
440	395	Empoleon	Water	530	84	86	88	111	101	60	4	False	6.0	6.0	130.0	6.0	0.046153846153846156
441	396	Starly	Normal	245	40	55	30	30	30	60	4	False	39.0	39.0	127.0	39.0	0.30708661417322836
442	397	Staravia	Normal	340	55	75	50	40	40	80	4	False	80.0	80.0	133.0	80.0	0.6015037593984962
443	398	Staraptor	Normal	485	85	120	70	50	60	100	4	False	78.0	78.0	92.0	78.0	0.8478260869565217
444	399	Bidoof	Normal	250	59	45	40	35	40	31	4	False	8.0	8.0	131.0	8.0	0.061068702290076333
445	400	Bibarel	Normal	410	79	85	60	55	60	71	4	False	32.0	32.0	134.0	32.0	0.23880597014925373
446	401	Kricketot	Bug	194	37	25	41	25	41	25	4	False	75.0	75.0	149.0	75.0	0.5033557046979866
447	402	Kricketune	Bug	384	77	85	51	55	51	65	4	False	23.0	23.0	116.0	23.0	0.19827586206896552
448	403	Shinx	Electric	263	45	65	34	40	34	45	4	False	48.0	48.0	132.0	48.0	0.36363636363636365
449	404	Luxio	Electric	363	60	85	49	60	49	60	4	False	37.0	37.0	128.0	37.0	0.2890625
450	405	Luxray	Electric	523	80	120	79	95	79	70	4	False	57.0	57.0	134.0	57.0	0.4253731343283582
451	406	Budew	Grass	280	40	30	35	50	70	55	4	False	79.0	79.0	131.0	79.0	0.6030534351145038
452	407	Roserade	Grass	515	60	70	65	125	105	90	4	False	38.0	38.0	125.0	38.0	0.304
453	408	Cranidos	Rock	350	67	125	40	30	30	58	4	False	43.0	43.0	123.0	43.0	0.34959349593495936
454	409	Rampardos	Rock	495	97	165	60	65	50	58	4	False	113.0	113.0	137.0	113.0	0.8248175182481752
455	410	Shieldon	Rock	350	30	42	118	42	88	30	4	False	125.0	125.0	133.0	125.0	0.9398496240601504
456	411	Bastiodon	Rock	495	60	52	168	47	138	30	4	False	20.0	20.0	133.0	20.0	0.15037593984962405
457	412	Burmy	Bug	224	40	29	45	29	45	36	4	False	42.0	42.0	136.0	42.0	0.3088235294117647
458	413	WormadamPlant Cloak	Bug	424	60	59	85	79	105	36	4	False	57.0	57.0	110.0	57.0	0.5181818181818182
459	413	WormadamSandy Cloak	Bug	424	60	79	105	59	85	36	4	False	57.0	57.0	110.0	57.0	0.5181818181818182
460	413	WormadamTrash Cloak	Bug	424	60	69	95	69	95	36	4	False	57.0	57.0	110.0	57.0	0.5181818181818182
461	414	Mothim	Bug	424	70	94	50	94	50	66	4	False	113.0	113.0	130.0	113.0	0.8692307692307693
462	415	Combee	Bug	244	30	30	42	30	42	70	4	False	50.0	50.0	144.0	50.0	0.3472222222222222
463	416	Vespiquen	Bug	474	70	80	102	80	102	40	4	False	33.0	33.0	140.0	33.0	0.2357142857142857
464	417	Pachirisu	Electric	405	60	45	70	45	90	95	4	False	35.0	35.0	113.0	35.0	0.30973451327433627
465	418	Buizel	Water	330	55	65	35	60	30	85	4	False	116.0	116.0	133.0	116.0	0.8721804511278195
467	420	Cherubi	Grass	275	45	35	45	62	53	35	4	False	107.0	107.0	125.0	107.0	0.856
468	421	Cherrim	Grass	450	70	60	70	87	78	85	4	False	97.0	97.0	108.0	97.0	0.8981481481481481
469	422	Shellos	Water	325	76	48	48	57	62	34	4	False	92.0	92.0	128.0	92.0	0.71875
470	423	Gastrodon	Water	475	111	83	68	92	82	39	4	False	97.0	97.0	132.0	97.0	0.7348484848484849
471	424	Ambipom	Normal	482	75	100	66	60	66	115	4	False	106.0	106.0	133.0	106.0	0.7969924812030075
472	425	Drifloon	Ghost	348	90	50	34	60	44	70	4	False	91.0	91.0	121.0	91.0	0.7520661157024794
473	426	Drifblim	Ghost	498	150	80	44	90	54	80	4	False	116.0	116.0	140.0	116.0	0.8285714285714286
474	427	Buneary	Normal	350	55	66	44	44	56	85	4	False	127.0	127.0	134.0	127.0	0.9477611940298507
475	428	Lopunny	Normal	480	65	76	84	54	96	105	4	False	134.0	134.0	153.0	134.0	0.8758169934640523
476	428	LopunnyMega Lopunny	Normal	580	65	136	94	54	96	135	4	False	134.0	134.0	153.0	134.0	0.8758169934640523
477	429	Mismagius	Ghost	495	60	60	60	105	105	105	4	False	99.0	99.0	106.0	99.0	0.9339622641509434
478	430	Honchkrow	Dark	505	100	125	52	105	52	71	4	False	121.0	121.0	134.0	121.0	0.9029850746268657
479	431	Glameow	Normal	310	49	55	42	42	37	85	4	False	112.0	112.0	151.0	112.0	0.7417218543046358
480	432	Purugly	Normal	452	71	82	64	64	59	112	4	False	133.0	133.0	145.0	133.0	0.9172413793103448
481	433	Chingling	Psychic	285	45	30	50	65	50	45	4	False	14.0	14.0	120.0	14.0	0.11666666666666667
482	434	Stunky	Poison	329	63	63	47	41	41	74	4	False	39.0	39.0	132.0	39.0	0.29545454545454547
483	435	Skuntank	Poison	479	103	93	67	71	61	84	4	False	39.0	39.0	113.0	39.0	0.34513274336283184
484	436	Bronzor	Steel	300	57	24	86	24	86	23	4	False	47.0	47.0	112.0	47.0	0.41964285714285715
485	437	Bronzong	Steel	500	67	89	116	79	116	33	4	False	79.0	79.0	123.0	79.0	0.6422764227642277
486	438	Bonsly	Rock	290	50	80	95	10	45	10	4	False	136.0	136.0	149.0	136.0	0.912751677852349
487	439	Mime Jr.	Psychic	310	20	25	45	70	90	60	4	False	20.0	20.0	140.0	20.0	0.14285714285714285
488	440	Happiny	Normal	220	100	5	5	15	65	30	4	False	33.0	33.0	131.0	33.0	0.25190839694656486
489	441	Chatot	Normal	411	76	65	45	92	42	91	4	False	57.0	57.0	123.0	57.0	0.4634146341463415
490	442	Spiritomb	Ghost	485	50	92	108	92	108	35	4	False	54.0	54.0	124.0	54.0	0.43548387096774194
491	443	Gible	Dragon	300	58	70	45	40	45	42	4	False	75.0	75.0	119.0	75.0	0.6302521008403361
492	444	Gabite	Dragon	410	68	90	65	50	55	82	4	False	113.0	113.0	136.0	113.0	0.8308823529411765
493	445	Garchomp	Dragon	600	108	130	95	80	85	102	4	False	19.0	19.0	133.0	19.0	0.14285714285714285
494	445	GarchompMega Garchomp	Dragon	700	108	170	115	120	95	92	4	False	19.0	19.0	133.0	19.0	0.14285714285714285
495	446	Munchlax	Normal	390	135	85	40	40	85	5	4	False	84.0	84.0	139.0	84.0	0.60431654676259
496	447	Riolu	Fighting	285	40	70	40	35	40	60	4	False	11.0	11.0	124.0	11.0	0.08870967741935484
497	448	Lucario	Fighting	525	70	110	70	115	70	90	4	False	63.0	63.0	122.0	63.0	0.5163934426229508
498	448	LucarioMega Lucario	Fighting	625	70	145	88	140	70	112	4	False	63.0	63.0	122.0	63.0	0.5163934426229508
499	449	Hippopotas	Ground	330	68	72	78	38	42	32	4	False	36.0	36.0	139.0	36.0	0.2589928057553957
500	450	Hippowdon	Ground	525	108	112	118	68	72	47	4	False	56.0	56.0	126.0	56.0	0.4444444444444444
501	451	Skorupi	Poison	330	40	50	90	30	55	65	4	False	77.0	77.0	132.0	77.0	0.5833333333333334
502	452	Drapion	Poison	500	70	90	110	60	75	95	4	False	33.0	33.0	117.0	33.0	0.28205128205128205
503	453	Croagunk	Poison	300	48	61	40	61	40	50	4	False	94.0	94.0	136.0	94.0	0.6911764705882353
504	454	Toxicroak	Poison	490	83	106	65	86	65	85	4	False	35.0	35.0	102.0	35.0	0.3431372549019608
505	455	Carnivine	Grass	454	74	100	72	90	72	46	4	False	48.0	48.0	123.0	48.0	0.3902439024390244
506	456	Finneon	Water	330	49	49	56	49	61	66	4	False	14.0	14.0	125.0	14.0	0.112
507	457	Lumineon	Water	460	69	69	76	69	86	91	4	False	24.0	24.0	121.0	24.0	0.19834710743801653
508	458	Mantyke	Water	345	45	20	50	60	120	50	4	False	18.0	18.0	123.0	18.0	0.14634146341463414
509	459	Snover	Grass	334	60	62	50	62	60	40	4	False	21.0	21.0	126.0	21.0	0.16666666666666666
510	460	Abomasnow	Grass	494	90	92	75	92	85	60	4	False	22.0	22.0	129.0	22.0	0.17054263565891473
511	460	AbomasnowMega Abomasnow	Grass	594	90	132	105	132	105	30	4	False	22.0	22.0	129.0	22.0	0.17054263565891473
512	461	Weavile	Dark	510	70	120	65	45	85	125	4	False	36.0	36.0	138.0	36.0	0.2608695652173913
513	462	Magnezone	Electric	535	70	70	115	130	90	60	4	False	65.0	65.0	135.0	65.0	0.48148148148148145
514	463	Lickilicky	Normal	515	110	85	95	80	95	50	4	False	55.0	55.0	130.0	55.0	0.4230769230769231
515	464	Rhyperior	Ground	535	115	140	130	55	55	40	4	False	34.0	34.0	127.0	34.0	0.2677165354330709
516	465	Tangrowth	Grass	535	100	100	125	110	50	50	4	False	103.0	103.0	141.0	103.0	0.7304964539007093
517	466	Electivire	Electric	540	75	123	67	95	85	95	4	False	68.0	68.0	111.0	68.0	0.6126126126126126
518	467	Magmortar	Fire	540	75	95	67	125	95	83	4	False	112.0	112.0	124.0	112.0	0.9032258064516129
519	468	Togekiss	Fairy	545	85	50	95	120	115	80	4	False	16.0	16.0	135.0	16.0	0.11851851851851852
520	469	Yanmega	Bug	515	86	76	86	116	56	95	4	False	71.0	71.0	114.0	71.0	0.6228070175438597
521	470	Leafeon	Grass	525	65	110	130	60	65	95	4	False	18.0	18.0	154.0	18.0	0.11688311688311688
522	471	Glaceon	Ice	525	65	60	110	130	95	65	4	False	22.0	22.0	124.0	22.0	0.1774193548387097
523	472	Gliscor	Ground	510	75	95	125	45	75	95	4	False	102.0	102.0	111.0	102.0	0.918918918918919
524	473	Mamoswine	Ice	530	110	130	80	70	60	80	4	False	71.0	71.0	113.0	71.0	0.6283185840707964
525	474	Porygon-Z	Normal	535	85	80	70	135	75	90	4	False	80.0	80.0	128.0	80.0	0.625
526	475	Gallade	Psychic	518	68	125	65	65	115	80	4	False	93.0	93.0	135.0	93.0	0.6888888888888889
527	475	GalladeMega Gallade	Psychic	618	68	165	95	65	115	110	4	False	93.0	93.0	135.0	93.0	0.6888888888888889
528	476	Probopass	Rock	525	60	55	145	75	150	40	4	False	109.0	109.0	121.0	109.0	0.9008264462809917
529	477	Dusknoir	Ghost	525	45	100	135	65	135	45	4	False	124.0	124.0	129.0	124.0	0.9612403100775194
530	478	Froslass	Ice	480	70	80	70	80	70	110	4	False	106.0	106.0	125.0	106.0	0.848
537	480	Uxie	Psychic	580	75	75	130	75	130	95	4	True	71.0	71.0	117.0	71.0	0.6068376068376068
538	481	Mesprit	Psychic	580	80	105	105	105	105	80	4	True	111.0	111.0	119.0	111.0	0.9327731092436975
539	482	Azelf	Psychic	580	75	125	70	125	70	115	4	True	17.0	17.0	123.0	17.0	0.13821138211382114
540	483	Dialga	Steel	680	100	120	120	150	100	90	4	True	70.0	70.0	125.0	70.0	0.56
541	484	Palkia	Water	680	90	120	100	150	120	100	4	True	85.0	85.0	119.0	85.0	0.7142857142857143
542	485	Heatran	Fire	600	91	90	106	130	106	77	4	True	14.0	14.0	110.0	14.0	0.12727272727272726
543	486	Regigigas	Normal	670	110	160	110	80	110	100	4	True	37.0	37.0	141.0	37.0	0.2624113475177305
544	487	GiratinaAltered Forme	Ghost	680	150	100	120	100	120	90	4	True	29.0	29.0	125.0	29.0	0.232
545	487	GiratinaOrigin Forme	Ghost	680	150	120	100	120	100	90	4	True	29.0	29.0	125.0	29.0	0.232
546	488	Cresselia	Psychic	600	120	70	120	75	130	85	4	False	37.0	37.0	120.0	37.0	0.30833333333333335
547	489	Phione	Water	480	80	80	80	80	80	80	4	False	8.0	8.0	104.0	8.0	0.07692307692307693
548	490	Manaphy	Water	600	100	100	100	100	100	100	4	False	111.0	111.0	149.0	111.0	0.7449664429530202
549	491	Darkrai	Dark	600	70	90	90	135	90	125	4	True	29.0	29.0	118.0	29.0	0.2457627118644068
550	492	ShayminLand Forme	Grass	600	100	100	100	100	100	100	4	True	35.0	35.0	135.0	35.0	0.25925925925925924
551	492	ShayminSky Forme	Grass	600	100	103	75	120	75	127	4	True	35.0	35.0	135.0	35.0	0.25925925925925924
552	493	Arceus	Normal	720	120	120	120	120	120	120	4	True	82.0	82.0	133.0	82.0	0.6165413533834586
553	494	Victini	Psychic	600	100	100	100	100	100	100	5	True	97.0	97.0	127.0	97.0	0.7637795275590551
554	495	Snivy	Grass	308	45	45	55	45	55	63	5	False	85.0	85.0	120.0	85.0	0.7083333333333334
555	496	Servine	Grass	413	60	60	75	60	75	83	5	False	81.0	81.0	118.0	81.0	0.6864406779661016
556	497	Serperior	Grass	528	75	75	95	75	95	113	5	False	49.0	49.0	125.0	49.0	0.392
557	498	Tepig	Fire	308	65	63	45	45	45	45	5	False	90.0	90.0	120.0	90.0	0.75
558	499	Pignite	Fire	418	90	93	55	70	55	55	5	False	96.0	96.0	108.0	96.0	0.8888888888888888
559	500	Emboar	Fire	528	110	123	65	100	65	65	5	False	30.0	30.0	126.0	30.0	0.23809523809523808
560	501	Oshawott	Water	308	55	55	45	63	45	45	5	False	35.0	35.0	120.0	35.0	0.2916666666666667
561	502	Dewott	Water	413	75	75	60	83	60	60	5	False	63.0	63.0	141.0	63.0	0.44680851063829785
562	503	Samurott	Water	528	95	100	85	108	70	70	5	False	88.0	88.0	120.0	88.0	0.7333333333333333
563	504	Patrat	Normal	255	45	55	39	35	39	42	5	False	29.0	29.0	114.0	29.0	0.2543859649122807
564	505	Watchog	Normal	420	60	85	69	60	69	77	5	False	85.0	85.0	128.0	85.0	0.6640625
565	506	Lillipup	Normal	275	45	60	45	25	45	55	5	False	28.0	28.0	114.0	28.0	0.24561403508771928
566	507	Herdier	Normal	370	65	80	65	35	65	60	5	False	68.0	68.0	131.0	68.0	0.5190839694656488
567	508	Stoutland	Normal	500	85	110	90	45	90	80	5	False	78.0	78.0	119.0	78.0	0.6554621848739496
568	509	Purrloin	Dark	281	41	50	37	50	37	66	5	False	26.0	26.0	108.0	26.0	0.24074074074074073
569	510	Liepard	Dark	446	64	88	50	88	50	106	5	False	22.0	22.0	121.0	22.0	0.18181818181818182
570	511	Pansage	Grass	316	50	53	48	53	48	64	5	False	60.0	60.0	121.0	60.0	0.49586776859504134
571	512	Simisage	Grass	498	75	98	63	98	63	101	5	False	62.0	62.0	146.0	62.0	0.4246575342465753
572	513	Pansear	Fire	316	50	53	48	53	48	64	5	False	116.0	116.0	119.0	116.0	0.9747899159663865
573	514	Simisear	Fire	498	75	98	63	98	63	101	5	False	63.0	63.0	118.0	63.0	0.5338983050847458
574	515	Panpour	Water	316	50	53	48	53	48	64	5	False	35.0	35.0	129.0	35.0	0.2713178294573643
575	516	Simipour	Water	498	75	98	63	98	63	101	5	False	47.0	47.0	104.0	47.0	0.4519230769230769
576	517	Munna	Psychic	292	76	25	45	67	55	24	5	False	48.0	48.0	125.0	48.0	0.384
577	518	Musharna	Psychic	487	116	55	85	107	95	29	5	False	94.0	94.0	123.0	94.0	0.7642276422764228
578	519	Pidove	Normal	264	50	55	50	36	30	43	5	False	79.0	79.0	111.0	79.0	0.7117117117117117
579	520	Tranquill	Normal	358	62	77	62	50	42	65	5	False	73.0	73.0	126.0	73.0	0.5793650793650794
580	521	Unfezant	Normal	488	80	115	80	65	55	93	5	False	91.0	91.0	114.0	91.0	0.7982456140350878
581	522	Blitzle	Electric	295	45	60	32	50	32	76	5	False	125.0	125.0	151.0	125.0	0.8278145695364238
582	523	Zebstrika	Electric	497	75	100	63	80	63	116	5	False	64.0	64.0	134.0	64.0	0.47761194029850745
583	524	Roggenrola	Rock	280	55	75	85	25	25	15	5	False	109.0	109.0	132.0	109.0	0.8257575757575758
584	525	Boldore	Rock	390	70	105	105	50	40	20	5	False	68.0	68.0	116.0	68.0	0.5862068965517241
585	526	Gigalith	Rock	515	85	135	130	60	80	25	5	False	103.0	103.0	147.0	103.0	0.7006802721088435
586	527	Woobat	Psychic	313	55	45	43	55	43	72	5	False	86.0	86.0	137.0	86.0	0.6277372262773723
587	528	Swoobat	Psychic	425	67	57	55	77	55	114	5	False	112.0	112.0	130.0	112.0	0.8615384615384616
588	529	Drilbur	Ground	328	60	85	40	30	45	68	5	False	26.0	26.0	130.0	26.0	0.2
589	530	Excadrill	Ground	508	110	135	60	50	65	88	5	False	40.0	40.0	136.0	40.0	0.29411764705882354
590	531	Audino	Normal	445	103	60	86	60	86	50	5	False	91.0	91.0	138.0	91.0	0.6594202898550725
591	531	AudinoMega Audino	Normal	545	103	60	126	80	126	50	5	False	91.0	91.0	138.0	91.0	0.6594202898550725
592	532	Timburr	Fighting	305	75	80	55	25	35	35	5	False	71.0	71.0	120.0	71.0	0.5916666666666667
593	533	Gurdurr	Fighting	405	85	105	85	40	50	40	5	False	79.0	79.0	113.0	79.0	0.6991150442477876
594	534	Conkeldurr	Fighting	505	105	140	95	55	65	45	5	False	90.0	90.0	116.0	90.0	0.7758620689655172
595	535	Tympole	Water	294	50	50	40	50	40	64	5	False	90.0	90.0	128.0	90.0	0.703125
596	536	Palpitoad	Water	384	75	65	55	65	55	69	5	False	88.0	88.0	121.0	88.0	0.7272727272727273
597	537	Seismitoad	Water	509	105	95	75	85	75	74	5	False	98.0	98.0	134.0	98.0	0.7313432835820896
598	538	Throh	Fighting	465	120	100	85	30	85	45	5	False	92.0	92.0	123.0	92.0	0.7479674796747967
599	539	Sawk	Fighting	465	75	125	75	30	75	85	5	False	79.0	79.0	133.0	79.0	0.5939849624060151
600	540	Sewaddle	Bug	310	45	53	70	40	60	42	5	False	122.0	122.0	135.0	122.0	0.9037037037037037
601	541	Swadloon	Bug	380	55	63	90	50	80	42	5	False	119.0	119.0	151.0	119.0	0.7880794701986755
602	542	Leavanny	Bug	500	75	103	80	70	80	92	5	False	115.0	115.0	149.0	115.0	0.7718120805369127
603	543	Venipede	Bug	260	30	45	59	30	39	57	5	False	85.0	85.0	131.0	85.0	0.648854961832061
604	544	Whirlipede	Bug	360	40	55	99	40	79	47	5	False	122.0	122.0	142.0	122.0	0.8591549295774648
605	545	Scolipede	Bug	485	60	100	89	55	69	112	5	False	74.0	74.0	111.0	74.0	0.6666666666666666
606	546	Cottonee	Grass	280	40	27	60	37	50	66	5	False	89.0	89.0	134.0	89.0	0.664179104477612
607	547	Whimsicott	Grass	480	60	67	85	77	75	116	5	False	79.0	79.0	118.0	79.0	0.6694915254237288
608	548	Petilil	Grass	280	45	35	50	70	50	30	5	False	74.0	74.0	132.0	74.0	0.5606060606060606
609	549	Lilligant	Grass	480	70	60	75	110	75	90	5	False	118.0	118.0	134.0	118.0	0.8805970149253731
610	550	Basculin	Water	460	70	92	65	80	55	98	5	False	110.0	110.0	117.0	110.0	0.9401709401709402
611	551	Sandile	Ground	292	50	72	35	35	35	65	5	False	117.0	117.0	136.0	117.0	0.8602941176470589
612	552	Krokorok	Ground	351	60	82	45	45	45	74	5	False	111.0	111.0	118.0	111.0	0.940677966101695
613	553	Krookodile	Ground	519	95	117	80	65	70	92	5	False	114.0	114.0	122.0	114.0	0.9344262295081968
614	554	Darumaka	Fire	315	70	90	45	15	45	50	5	False	115.0	115.0	131.0	115.0	0.8778625954198473
615	555	DarmanitanStandard Mode	Fire	480	105	140	55	30	55	95	5	False	51.0	51.0	111.0	51.0	0.4594594594594595
616	555	DarmanitanZen Mode	Fire	540	105	30	105	140	105	55	5	False	51.0	51.0	111.0	51.0	0.4594594594594595
618	557	Dwebble	Bug	325	50	65	85	35	35	55	5	False	119.0	119.0	132.0	119.0	0.9015151515151515
619	558	Crustle	Bug	475	70	95	125	65	75	45	5	False	34.0	34.0	131.0	34.0	0.2595419847328244
620	559	Scraggy	Dark	348	50	75	70	35	70	48	5	False	55.0	55.0	144.0	55.0	0.3819444444444444
621	560	Scrafty	Dark	488	65	90	115	45	115	58	5	False	72.0	72.0	138.0	72.0	0.5217391304347826
622	561	Sigilyph	Psychic	490	72	58	80	103	80	97	5	False	31.0	31.0	124.0	31.0	0.25
623	562	Yamask	Ghost	303	38	30	85	55	65	30	5	False	48.0	48.0	122.0	48.0	0.39344262295081966
624	563	Cofagrigus	Ghost	483	58	50	145	95	105	30	5	False	65.0	65.0	115.0	65.0	0.5652173913043478
625	564	Tirtouga	Water	355	54	78	103	53	45	22	5	False	25.0	25.0	135.0	25.0	0.18518518518518517
626	565	Carracosta	Water	495	74	108	133	83	65	32	5	False	69.0	69.0	133.0	69.0	0.518796992481203
627	566	Archen	Rock	401	55	112	45	74	45	70	5	False	29.0	29.0	100.0	29.0	0.29
628	567	Archeops	Rock	567	75	140	65	112	65	110	5	False	53.0	53.0	138.0	53.0	0.38405797101449274
629	568	Trubbish	Poison	329	50	50	62	40	62	65	5	False	72.0	72.0	116.0	72.0	0.6206896551724138
630	569	Garbodor	Poison	474	80	95	82	60	82	75	5	False	59.0	59.0	114.0	59.0	0.5175438596491229
631	570	Zorua	Dark	330	40	65	40	80	40	65	5	False	123.0	123.0	135.0	123.0	0.9111111111111111
632	571	Zoroark	Dark	510	60	105	60	120	60	105	5	False	53.0	53.0	130.0	53.0	0.4076923076923077
633	572	Minccino	Normal	300	55	50	40	40	40	75	5	False	106.0	106.0	131.0	106.0	0.8091603053435115
634	573	Cinccino	Normal	470	75	95	60	65	60	115	5	False	60.0	60.0	130.0	60.0	0.46153846153846156
635	574	Gothita	Psychic	290	45	30	50	55	65	45	5	False	113.0	113.0	127.0	113.0	0.889763779527559
636	575	Gothorita	Psychic	390	60	45	70	75	85	55	5	False	42.0	42.0	117.0	42.0	0.358974358974359
637	576	Gothitelle	Psychic	490	70	55	95	95	110	65	5	False	113.0	113.0	133.0	113.0	0.849624060150376
638	577	Solosis	Psychic	290	45	30	40	105	50	20	5	False	5.0	5.0	128.0	5.0	0.0390625
639	578	Duosion	Psychic	370	65	40	50	125	60	30	5	False	9.0	9.0	132.0	9.0	0.06818181818181818
640	579	Reuniclus	Psychic	490	110	65	75	125	85	30	5	False	45.0	45.0	154.0	45.0	0.2922077922077922
641	580	Ducklett	Water	305	62	44	50	44	50	55	5	False	60.0	60.0	124.0	60.0	0.4838709677419355
642	581	Swanna	Water	473	75	87	63	87	63	98	5	False	102.0	102.0	130.0	102.0	0.7846153846153846
643	582	Vanillite	Ice	305	36	50	50	65	60	44	5	False	80.0	80.0	135.0	80.0	0.5925925925925926
644	583	Vanillish	Ice	395	51	65	65	80	75	59	5	False	100.0	100.0	107.0	100.0	0.9345794392523364
645	584	Vanilluxe	Ice	535	71	95	85	110	95	79	5	False	27.0	27.0	144.0	27.0	0.1875
646	585	Deerling	Normal	335	60	60	50	40	50	75	5	False	44.0	44.0	131.0	44.0	0.33587786259541985
647	586	Sawsbuck	Normal	475	80	100	70	60	70	95	5	False	60.0	60.0	148.0	60.0	0.40540540540540543
648	587	Emolga	Electric	428	55	75	60	75	60	103	5	False	72.0	72.0	123.0	72.0	0.5853658536585366
649	588	Karrablast	Bug	315	50	75	45	40	45	60	5	False	103.0	103.0	116.0	103.0	0.8879310344827587
650	589	Escavalier	Bug	495	70	135	105	60	105	20	5	False	70.0	70.0	109.0	70.0	0.6422018348623854
651	590	Foongus	Grass	294	69	55	45	55	55	15	5	False	103.0	103.0	133.0	103.0	0.7744360902255639
652	591	Amoonguss	Grass	464	114	85	70	85	80	30	5	False	46.0	46.0	133.0	46.0	0.3458646616541353
653	592	Frillish	Water	335	55	40	50	65	85	40	5	False	48.0	48.0	132.0	48.0	0.36363636363636365
654	593	Jellicent	Water	480	100	60	70	85	105	60	5	False	28.0	28.0	150.0	28.0	0.18666666666666668
655	594	Alomomola	Water	470	165	75	80	40	45	65	5	False	25.0	25.0	118.0	25.0	0.211864406779661
656	595	Joltik	Bug	319	50	47	50	57	50	65	5	False	39.0	39.0	130.0	39.0	0.3
657	596	Galvantula	Bug	472	70	77	60	97	60	108	5	False	62.0	62.0	136.0	62.0	0.45588235294117646
658	597	Ferroseed	Grass	305	44	50	91	24	86	10	5	False	54.0	54.0	124.0	54.0	0.43548387096774194
659	598	Ferrothorn	Grass	489	74	94	131	54	116	20	5	False	68.0	68.0	119.0	68.0	0.5714285714285714
660	599	Klink	Steel	300	40	55	70	45	60	30	5	False	33.0	33.0	147.0	33.0	0.22448979591836735
661	600	Klang	Steel	440	60	80	95	70	85	50	5	False	85.0	85.0	136.0	85.0	0.625
662	601	Klinklang	Steel	520	60	100	115	70	85	90	5	False	35.0	35.0	136.0	35.0	0.25735294117647056
663	602	Tynamo	Electric	275	35	55	40	45	40	60	5	False	26.0	26.0	123.0	26.0	0.21138211382113822
664	603	Eelektrik	Electric	405	65	85	70	75	70	40	5	False	96.0	96.0	121.0	96.0	0.7933884297520661
665	604	Eelektross	Electric	515	85	115	80	105	80	50	5	False	37.0	37.0	132.0	37.0	0.2803030303030303
666	605	Elgyem	Psychic	335	55	55	55	85	55	30	5	False	26.0	26.0	99.0	26.0	0.26262626262626265
667	606	Beheeyem	Psychic	485	75	75	75	125	95	40	5	False	106.0	106.0	114.0	106.0	0.9298245614035088
668	607	Litwick	Ghost	275	50	30	55	65	55	20	5	False	46.0	46.0	127.0	46.0	0.36220472440944884
669	608	Lampent	Ghost	370	60	40	60	95	60	55	5	False	104.0	104.0	117.0	104.0	0.8888888888888888
670	609	Chandelure	Ghost	520	60	55	90	145	90	80	5	False	23.0	23.0	146.0	23.0	0.15753424657534246
671	610	Axew	Dragon	320	46	87	60	30	40	57	5	False	91.0	91.0	127.0	91.0	0.7165354330708661
672	611	Fraxure	Dragon	410	66	117	70	40	50	67	5	False	89.0	89.0	110.0	89.0	0.8090909090909091
673	612	Haxorus	Dragon	540	76	147	90	60	70	97	5	False	72.0	72.0	134.0	72.0	0.5373134328358209
674	613	Cubchoo	Ice	305	55	70	40	60	40	40	5	False	65.0	65.0	113.0	65.0	0.5752212389380531
675	614	Beartic	Ice	485	95	110	80	70	80	50	5	False	111.0	111.0	132.0	111.0	0.8409090909090909
676	615	Cryogonal	Ice	485	70	50	30	95	135	105	5	False	45.0	45.0	124.0	45.0	0.3629032258064516
677	616	Shelmet	Bug	305	50	40	85	40	65	25	5	False	109.0	109.0	133.0	109.0	0.8195488721804511
678	617	Accelgor	Bug	495	80	70	40	100	60	145	5	False	43.0	43.0	122.0	43.0	0.3524590163934426
680	619	Mienfoo	Fighting	350	45	85	50	55	50	65	5	False	43.0	43.0	132.0	43.0	0.32575757575757575
681	620	Mienshao	Fighting	510	65	125	60	95	60	105	5	False	40.0	40.0	119.0	40.0	0.33613445378151263
682	621	Druddigon	Dragon	485	77	120	90	60	90	48	5	False	32.0	32.0	109.0	32.0	0.29357798165137616
683	622	Golett	Ground	303	59	74	50	35	50	35	5	False	61.0	61.0	121.0	61.0	0.5041322314049587
684	623	Golurk	Ground	483	89	124	80	55	80	55	5	False	109.0	109.0	152.0	109.0	0.7171052631578947
685	624	Pawniard	Dark	340	45	85	70	40	40	60	5	False	27.0	27.0	126.0	27.0	0.21428571428571427
686	625	Bisharp	Dark	490	65	125	100	60	70	70	5	False	30.0	30.0	122.0	30.0	0.2459016393442623
687	626	Bouffalant	Normal	490	95	110	95	40	95	55	5	False	30.0	30.0	129.0	30.0	0.23255813953488372
688	627	Rufflet	Normal	350	70	83	50	37	50	60	5	False	45.0	45.0	140.0	45.0	0.32142857142857145
689	628	Braviary	Normal	510	100	123	75	57	75	80	5	False	66.0	66.0	118.0	66.0	0.559322033898305
690	629	Vullaby	Dark	370	70	55	75	45	65	60	5	False	117.0	117.0	128.0	117.0	0.9140625
691	630	Mandibuzz	Dark	510	110	65	105	55	95	80	5	False	49.0	49.0	117.0	49.0	0.4188034188034188
692	631	Heatmor	Fire	484	85	97	66	105	66	65	5	False	87.0	87.0	145.0	87.0	0.6
693	632	Durant	Bug	484	58	109	112	48	48	109	5	False	66.0	66.0	131.0	66.0	0.5038167938931297
694	633	Deino	Dark	300	52	65	50	45	50	38	5	False	100.0	100.0	113.0	100.0	0.8849557522123894
695	634	Zweilous	Dark	420	72	85	70	65	70	58	5	False	88.0	88.0	148.0	88.0	0.5945945945945946
696	635	Hydreigon	Dark	600	92	105	90	125	90	98	5	False	115.0	115.0	131.0	115.0	0.8778625954198473
697	636	Larvesta	Bug	360	55	85	55	50	55	60	5	False	26.0	26.0	125.0	26.0	0.208
698	637	Volcarona	Bug	550	85	60	65	135	105	100	5	False	37.0	37.0	123.0	37.0	0.3008130081300813
699	638	Cobalion	Steel	580	91	90	129	90	72	108	5	True	65.0	65.0	133.0	65.0	0.48872180451127817
700	639	Terrakion	Rock	580	91	129	90	72	90	108	5	True	4.0	4.0	129.0	4.0	0.031007751937984496
701	640	Virizion	Grass	580	91	90	72	90	129	108	5	True	9.0	9.0	124.0	9.0	0.07258064516129033
702	641	TornadusIncarnate Forme	Flying	580	79	115	70	125	80	111	5	True	18.0	18.0	120.0	18.0	0.15
703	641	TornadusTherian Forme	Flying	580	79	100	80	110	90	121	5	True	18.0	18.0	120.0	18.0	0.15
704	642	ThundurusIncarnate Forme	Electric	580	79	115	70	125	80	111	5	True	45.0	45.0	124.0	45.0	0.3629032258064516
705	642	ThundurusTherian Forme	Electric	580	79	105	70	145	80	101	5	True	45.0	45.0	124.0	45.0	0.3629032258064516
706	643	Reshiram	Dragon	680	100	120	100	150	120	90	5	True	103.0	103.0	119.0	103.0	0.865546218487395
707	644	Zekrom	Dragon	680	100	150	120	120	100	90	5	True	18.0	18.0	110.0	18.0	0.16363636363636364
708	645	LandorusIncarnate Forme	Ground	600	89	125	90	115	80	101	5	True	55.0	55.0	126.0	55.0	0.4365079365079365
709	645	LandorusTherian Forme	Ground	600	89	145	90	105	80	91	5	True	55.0	55.0	126.0	55.0	0.4365079365079365
710	646	Kyurem	Dragon	660	125	130	90	130	90	95	5	True	83.0	83.0	125.0	83.0	0.664
711	646	KyuremBlack Kyurem	Dragon	700	125	170	100	120	90	95	5	True	83.0	83.0	125.0	83.0	0.664
712	646	KyuremWhite Kyurem	Dragon	700	125	120	90	170	100	95	5	True	83.0	83.0	125.0	83.0	0.664
713	647	KeldeoOrdinary Forme	Water	580	91	72	90	129	90	108	5	False	70.0	70.0	119.0	70.0	0.5882352941176471
714	647	KeldeoResolute Forme	Water	580	91	72	90	129	90	108	5	False	70.0	70.0	119.0	70.0	0.5882352941176471
715	648	MeloettaAria Forme	Normal	600	100	77	77	128	128	90	5	False	89.0	89.0	120.0	89.0	0.7416666666666667
716	648	MeloettaPirouette Forme	Normal	600	100	128	90	77	77	128	5	False	89.0	89.0	120.0	89.0	0.7416666666666667
717	649	Genesect	Bug	600	71	120	95	120	95	99	5	False	91.0	91.0	114.0	91.0	0.7982456140350878
718	650	Chespin	Grass	313	56	61	65	48	45	38	6	False	53.0	53.0	121.0	53.0	0.4380165289256198
719	651	Quilladin	Grass	405	61	78	95	56	58	57	6	False	72.0	72.0	124.0	72.0	0.5806451612903226
720	652	Chesnaught	Grass	530	88	107	122	74	75	64	6	False	14.0	14.0	120.0	14.0	0.11666666666666667
721	653	Fennekin	Fire	307	40	45	40	62	60	60	6	False	25.0	25.0	121.0	25.0	0.2066115702479339
722	654	Braixen	Fire	409	59	59	58	90	70	73	6	False	42.0	42.0	132.0	42.0	0.3181818181818182
724	656	Froakie	Water	314	41	56	40	62	44	71	6	False	68.0	68.0	132.0	68.0	0.5151515151515151
725	657	Frogadier	Water	405	54	63	52	83	56	97	6	False	64.0	64.0	138.0	64.0	0.463768115942029
726	658	Greninja	Water	530	72	95	67	103	71	122	6	False	115.0	115.0	137.0	115.0	0.8394160583941606
727	659	Bunnelby	Normal	237	38	36	38	32	36	57	6	False	22.0	22.0	111.0	22.0	0.1981981981981982
728	660	Diggersby	Normal	423	85	56	77	50	77	78	6	False	61.0	61.0	136.0	61.0	0.4485294117647059
729	661	Fletchling	Normal	278	45	50	43	40	38	62	6	False	12.0	12.0	113.0	12.0	0.10619469026548672
730	662	Fletchinder	Fire	382	62	73	55	56	52	84	6	False	27.0	27.0	121.0	27.0	0.2231404958677686
731	663	Talonflame	Fire	499	78	81	71	74	69	126	6	False	99.0	99.0	131.0	99.0	0.7557251908396947
732	664	Scatterbug	Bug	200	38	35	40	27	25	35	6	False	45.0	45.0	126.0	45.0	0.35714285714285715
733	665	Spewpa	Bug	213	45	22	60	27	30	29	6	False	26.0	26.0	128.0	26.0	0.203125
734	666	Vivillon	Bug	411	80	52	50	90	50	89	6	False	34.0	34.0	111.0	34.0	0.3063063063063063
735	667	Litleo	Fire	369	62	50	58	73	54	72	6	False	21.0	21.0	159.0	21.0	0.1320754716981132
736	668	Pyroar	Fire	507	86	68	72	109	66	106	6	False	21.0	21.0	134.0	21.0	0.15671641791044777
737	669	FlabÃ©bÃ©	Fairy	303	44	38	39	61	79	42	6	False	16.0	16.0	117.0	16.0	0.13675213675213677
738	670	Floette	Fairy	371	54	45	47	75	98	52	6	False	57.0	57.0	135.0	57.0	0.4222222222222222
739	671	Florges	Fairy	552	78	65	68	112	154	75	6	False	68.0	68.0	112.0	68.0	0.6071428571428571
740	672	Skiddo	Grass	350	66	65	48	62	57	52	6	False	51.0	51.0	135.0	51.0	0.37777777777777777
741	673	Gogoat	Grass	531	123	100	62	97	81	68	6	False	59.0	59.0	129.0	59.0	0.4573643410852713
742	674	Pancham	Fighting	348	67	82	62	46	48	43	6	False	105.0	105.0	127.0	105.0	0.8267716535433071
743	675	Pangoro	Fighting	495	95	124	78	69	71	58	6	False	31.0	31.0	115.0	31.0	0.26956521739130435
744	676	Furfrou	Normal	472	75	80	60	65	90	102	6	False	48.0	48.0	129.0	48.0	0.37209302325581395
745	677	Espurr	Psychic	355	62	48	54	63	60	68	6	False	119.0	119.0	148.0	119.0	0.8040540540540541
746	678	MeowsticMale	Psychic	466	74	48	76	83	81	104	6	False	11.0	11.0	124.0	11.0	0.08870967741935484
747	678	MeowsticFemale	Psychic	466	74	48	76	83	81	104	6	False	11.0	11.0	124.0	11.0	0.08870967741935484
748	679	Honedge	Steel	325	45	80	100	35	37	28	6	False	118.0	118.0	128.0	118.0	0.921875
749	680	Doublade	Steel	448	59	110	150	45	49	35	6	False	29.0	29.0	144.0	29.0	0.2013888888888889
750	681	AegislashBlade Forme	Steel	520	60	150	50	150	50	60	6	False	66.0	66.0	130.0	66.0	0.5076923076923077
751	681	AegislashShield Forme	Steel	520	60	50	150	50	150	60	6	False	66.0	66.0	130.0	66.0	0.5076923076923077
752	682	Spritzee	Fairy	341	78	52	60	63	65	23	6	False	121.0	121.0	131.0	121.0	0.9236641221374046
753	683	Aromatisse	Fairy	462	101	72	72	99	89	29	6	False	39.0	39.0	140.0	39.0	0.2785714285714286
754	684	Swirlix	Fairy	341	62	48	66	59	57	49	6	False	40.0	40.0	128.0	40.0	0.3125
755	685	Slurpuff	Fairy	480	82	80	86	85	75	72	6	False	72.0	72.0	126.0	72.0	0.5714285714285714
756	686	Inkay	Dark	288	53	54	53	37	46	45	6	False	57.0	57.0	109.0	57.0	0.5229357798165137
757	687	Malamar	Dark	482	86	92	88	68	75	73	6	False	86.0	86.0	141.0	86.0	0.6099290780141844
758	688	Binacle	Rock	306	42	52	67	39	56	50	6	False	48.0	48.0	119.0	48.0	0.40336134453781514
759	689	Barbaracle	Rock	500	72	105	115	54	86	68	6	False	41.0	41.0	122.0	41.0	0.3360655737704918
760	690	Skrelp	Poison	320	50	60	60	60	60	30	6	False	108.0	108.0	156.0	108.0	0.6923076923076923
761	691	Dragalge	Poison	494	65	75	90	97	123	44	6	False	56.0	56.0	122.0	56.0	0.45901639344262296
762	692	Clauncher	Water	330	50	53	62	58	63	44	6	False	92.0	92.0	147.0	92.0	0.6258503401360545
763	693	Clawitzer	Water	500	71	73	88	120	89	59	6	False	57.0	57.0	121.0	57.0	0.47107438016528924
764	694	Helioptile	Electric	289	44	38	33	61	43	70	6	False	118.0	118.0	134.0	118.0	0.8805970149253731
765	695	Heliolisk	Electric	481	62	55	52	109	94	109	6	False	34.0	34.0	124.0	34.0	0.27419354838709675
766	696	Tyrunt	Rock	362	58	89	77	45	45	48	6	False	57.0	57.0	138.0	57.0	0.41304347826086957
767	697	Tyrantrum	Rock	521	82	121	119	69	59	71	6	False	106.0	106.0	129.0	106.0	0.8217054263565892
768	698	Amaura	Rock	362	77	59	50	67	63	46	6	False	58.0	58.0	137.0	58.0	0.4233576642335766
769	699	Aurorus	Rock	521	123	77	72	99	92	58	6	False	103.0	103.0	137.0	103.0	0.7518248175182481
770	700	Sylveon	Fairy	525	95	65	65	110	130	60	6	False	117.0	117.0	128.0	117.0	0.9140625
771	701	Hawlucha	Fighting	500	78	92	75	74	63	118	6	False	105.0	105.0	123.0	105.0	0.8536585365853658
772	702	Dedenne	Electric	431	67	58	57	81	67	101	6	False	112.0	112.0	125.0	112.0	0.896
773	703	Carbink	Rock	500	50	50	150	50	150	50	6	False	94.0	94.0	111.0	94.0	0.8468468468468469
774	704	Goomy	Dragon	300	45	50	35	55	75	40	6	False	121.0	121.0	125.0	121.0	0.968
775	705	Sliggoo	Dragon	452	68	75	53	83	113	60	6	False	108.0	108.0	125.0	108.0	0.864
776	706	Goodra	Dragon	600	90	100	70	110	150	80	6	False	99.0	99.0	115.0	99.0	0.8608695652173913
777	707	Klefki	Steel	470	57	80	91	80	87	75	6	False	91.0	91.0	125.0	91.0	0.728
778	708	Phantump	Ghost	309	43	70	48	50	60	38	6	False	100.0	100.0	154.0	100.0	0.6493506493506493
779	709	Trevenant	Ghost	474	85	110	76	65	82	56	6	False	89.0	89.0	102.0	89.0	0.8725490196078431
780	710	PumpkabooAverage Size	Ghost	335	49	66	70	44	55	51	6	False	112.0	112.0	131.0	112.0	0.8549618320610687
781	710	PumpkabooSmall Size	Ghost	335	44	66	70	44	55	56	6	False	112.0	112.0	131.0	112.0	0.8549618320610687
782	710	PumpkabooLarge Size	Ghost	335	54	66	70	44	55	46	6	False	112.0	112.0	131.0	112.0	0.8549618320610687
783	710	PumpkabooSuper Size	Ghost	335	59	66	70	44	55	41	6	False	112.0	112.0	131.0	112.0	0.8549618320610687
784	711	GourgeistAverage Size	Ghost	494	65	90	122	58	75	84	6	False	99.0	99.0	128.0	99.0	0.7734375
785	711	GourgeistSmall Size	Ghost	494	55	85	122	58	75	99	6	False	99.0	99.0	128.0	99.0	0.7734375
786	711	GourgeistLarge Size	Ghost	494	75	95	122	58	75	69	6	False	99.0	99.0	128.0	99.0	0.7734375
787	711	GourgeistSuper Size	Ghost	494	85	100	122	58	75	54	6	False	99.0	99.0	128.0	99.0	0.7734375
788	712	Bergmite	Ice	304	55	69	85	32	35	28	6	False	77.0	77.0	100.0	77.0	0.77
789	713	Avalugg	Ice	514	95	117	184	44	46	28	6	False	100.0	100.0	128.0	100.0	0.78125
790	714	Noibat	Flying	245	40	30	35	45	40	55	6	False	100.0	100.0	116.0	100.0	0.8620689655172413
791	715	Noivern	Flying	535	85	70	80	97	80	123	6	False	108.0	108.0	121.0	108.0	0.8925619834710744
792	716	Xerneas	Fairy	680	126	131	95	131	98	99	6	True	98.0	98.0	142.0	98.0	0.6901408450704225
793	717	Yveltal	Dark	680	126	131	95	131	98	99	6	True	118.0	118.0	123.0	118.0	0.959349593495935
794	718	Zygarde50% Forme	Dragon	600	108	100	121	81	95	95	6	True	105.0	105.0	128.0	105.0	0.8203125
795	719	Diancie	Rock	600	50	100	150	100	150	50	6	True	26.0	26.0	148.0	26.0	0.17567567567567569
796	719	DiancieMega Diancie	Rock	700	50	160	110	160	110	110	6	True	26.0	26.0	148.0	26.0	0.17567567567567569
797	720	HoopaHoopa Confined	Psychic	600	80	110	60	150	130	70	6	True	48.0	48.0	119.0	48.0	0.40336134453781514
798	720	HoopaHoopa Unbound	Psychic	680	80	160	60	170	130	80	6	True	48.0	48.0	119.0	48.0	0.40336134453781514
799	721	Volcanion	Fire	600	80	110	120	130	90	70	6	True	57.0	57.0	124.0	57.0	0.4596774193548387
